	pathways present	PAO1 homolog id	Transcriptional similarity across strains	P-value	Name	label
PA14_00020	['KEGG-Pathway-pae03440: Homologous recombination', 'KEGG-Pathway-pae00230: Purine metabolism', 'KEGG-Pathway-pae00240: Pyrimidine metabolism', 'KEGG-Pathway-pae03030: DNA replication', 'KEGG-Pathway-pae03430: Mismatch repair', 'KEGG-Module-M00260: DNA polymerase III complex, bacteria']	PA0002	0.5251925197083271	0.0	dnaN	most stable
PA14_00050	[]	PA0004	0.5373333955263381	0.0	gyrB	most stable
PA14_00090	['KEGG-Pathway-pae00970: Aminoacyl-tRNA biosynthesis', 'KEGG-Module-M00360: Aminoacyl-tRNA biosynthesis, prokaryotes']	PA0008	0.5188998562478951	0.0	glyS	most stable
PA14_00100	['KEGG-Pathway-pae00970: Aminoacyl-tRNA biosynthesis', 'KEGG-Module-M00360: Aminoacyl-tRNA biosynthesis, prokaryotes']	PA0009	0.558834523183892	0.0	glyQ	most stable
PA14_00560	[]	PA0044	0.5057166240666348	0.0	exoT	most stable
PA14_00600	[]	PA0048	0.1874460217499081	1.6198609598353526e-43		least stable
PA14_00670	[]	PA0055	0.5086467504534156	0.0		most stable
PA14_00710	[]	PA0059	0.5639390724375983	0.0	osmC	most stable
PA14_00820	[]	PA0070	0.6219950673547691	0.0	tagQ1	most stable
PA14_00850	['KEGG-Module-M00258: Putative ABC transport system']	PA0072	0.5387078409817853	0.0	tagS1	most stable
PA14_00860	['KEGG-Module-M00258: Putative ABC transport system']	PA0073	0.5569334576675941	0.0	tagT1	most stable
PA14_00875	['KEGG-Pathway-pae03070: Bacterial secretion system']	PA0074	0.6551918382452326	0.0	ppkA	most stable
PA14_00890	['KEGG-Pathway-pae03070: Bacterial secretion system']	PA0075	0.5289547058786556	0.0	pppA	most stable
PA14_00900	[]	PA0076	0.5134596249543788	0.0	tagF1	most stable
PA14_00910	['KEGG-Pathway-pae03070: Bacterial secretion system', 'KEGG-Module-M00334: Type VI secretion system']	PA0077	0.6173944967337224	0.0	icmF1	most stable
PA14_00925	['KEGG-Pathway-pae03070: Bacterial secretion system', 'KEGG-Module-M00334: Type VI secretion system']	PA0078	0.5951925499364774	0.0	tssL1	most stable
PA14_00940	['KEGG-Module-M00334: Type VI secretion system']	PA0079	0.5992752320086328	0.0	tssK1	most stable
PA14_00960	['KEGG-Pathway-pae03070: Bacterial secretion system', 'KEGG-Module-M00334: Type VI secretion system']	PA0080	0.5367150969973692	0.0	tssJ1	most stable
PA14_01010	['KEGG-Module-M00334: Type VI secretion system']	PA0083	0.6369041686742037	0.0	tssB1	most stable
PA14_01020	['KEGG-Module-M00334: Type VI secretion system']	PA0084	0.694473689492182	0.0	tssC1	most stable
PA14_01030	['KEGG-Pathway-pae03070: Bacterial secretion system', 'KEGG-Module-M00334: Type VI secretion system']	PA0085	0.6678146073791654	0.0	hcp1	most stable
PA14_01040	[]	PA0086	0.6047484454993293	0.0	tagJ1	most stable
PA14_01060	['KEGG-Module-M00334: Type VI secretion system']	PA0087	0.6225092526390846	0.0	tssE1	most stable
PA14_01070	['KEGG-Module-M00334: Type VI secretion system']	PA0088	0.6569676564842193	0.0	tssF1	most stable
PA14_01080	['KEGG-Module-M00334: Type VI secretion system']	PA0089	0.6255063318320276	0.0	tssG1	most stable
PA14_01100	['KEGG-Pathway-pae03070: Bacterial secretion system', 'KEGG-Module-M00334: Type VI secretion system']	PA0090	0.6420746719853537	0.0	clpV1	most stable
PA14_01110	['KEGG-Pathway-pae03070: Bacterial secretion system', 'KEGG-Module-M00334: Type VI secretion system']	PA0091	0.5744950213018875	0.0	vgrG1	most stable
PA14_01140	[]	PA0093	0.5085782952852228	0.0	tse6	most stable
PA14_01180	[]	PA0097	0.5390417693417304	0.0		most stable
PA14_01600	['KEGG-Pathway-pae00562: Inositol phosphate metabolism', 'KEGG-Pathway-pae00280: Valine, leucine and isoleucine degradation', 'KEGG-Pathway-pae00640: Propanoate metabolism', 'KEGG-Pathway-pae00410: beta-Alanine metabolism']	PA0130	0.16943653179870335	9.244762295791017e-36	bauC	least stable
PA14_01910	['KEGG-Pathway-pae00362: Benzoate degradation', 'KEGG-Pathway-pae01220: Degradation of aromatic compounds']	PA0154	0.1865339350680842	4.18989462608562e-43	pcaG	least stable
PA14_01980	[]	PA0159	0.19366673359038014	2.1746652022370567e-46		least stable
PA14_02060	[]	PA0165	0.5107612703596207	0.0		most stable
PA14_02300	['KEGG-Pathway-pae00780: Biotin metabolism', 'KEGG-Pathway-pae01040: Biosynthesis of unsaturated fatty acids', 'KEGG-Pathway-pae01212: Fatty acid metabolism', 'KEGG-Pathway-pae00061: Fatty acid biosynthesis', 'KEGG-Module-M00083: Fatty acid biosynthesis, elongation', 'KEGG-Module-M00572: Pimeloyl-ACP biosynthesis, BioC-BioH pathway, malonyl-ACP => pimeloyl-ACP']	PA0182	0.19008208758220088	1.0106625148710489e-44		least stable
PA14_02910	[]	PA0236	0.5059980369597051	0.0		most stable
PA14_03100	[]	PA0251	0.1551998819398585	3.2985331859625294e-30		least stable
PA14_03170	[]	PA0987	0.16852549275660944	2.1697851049702238e-35		least stable
PA14_03180	[]	PA0986	0.17767884979536164	3.2995256518067984e-39		least stable
PA14_03190	[]	PA0259	0.13605826792354342	1.5572252443671238e-23	tli3	least stable
PA14_03650	['KEGG-Pathway-pae00920: Sulfur metabolism', 'KEGG-Module-M00185: Sulfate transport system', 'KEGG-Module-M00616: Sulfate-sulfur assimilation']	PA0280	0.5117958921497174	0.0	cysA	most stable
PA14_03670	['KEGG-Pathway-pae00920: Sulfur metabolism', 'KEGG-Module-M00185: Sulfate transport system', 'KEGG-Module-M00616: Sulfate-sulfur assimilation']	PA0281	0.5316553459522753	0.0	cysW	most stable
PA14_03680	['KEGG-Pathway-pae00920: Sulfur metabolism', 'KEGG-Module-M00185: Sulfate transport system', 'KEGG-Module-M00616: Sulfate-sulfur assimilation']	PA0282	0.5064253233332162	0.0	cysT	most stable
PA14_03700	['KEGG-Pathway-pae00920: Sulfur metabolism', 'KEGG-Module-M00185: Sulfate transport system', 'KEGG-Module-M00616: Sulfate-sulfur assimilation']	PA0283	0.5375844251386532	0.0	sbp	most stable
PA14_03710	[]	PA0284	0.5194162325101701	0.0		most stable
PA14_03920	['KEGG-Module-M00300: Putrescine transport system']	PA0300	0.53633488804838	0.0	spuD	most stable
PA14_04180	[]	PA0320	0.17588646061975982	1.917693809938576e-38	carO	least stable
PA14_04190	[]	PA0321	0.18647270316769046	4.465132771403939e-43		least stable
PA14_04410	['KEGG-Pathway-pae02060: Phosphotransferase system (PTS)']	PA0337	0.5392844126054067	0.0	ptsP	most stable
PA14_04530	[]	PA0346	0.1894035458664005	2.0723325015683457e-44		least stable
PA14_04560	[]	PA0348	0.13906805817427528	1.5939218147947179e-24		least stable
PA14_04650	[]	PA0355	0.5080506453897179	0.0	pfpI	most stable
PA14_04670	['KEGG-Pathway-pae03410: Base excision repair']	PA0357	0.5396644725680829	0.0	mutM	most stable
PA14_04780	[]	PA0364	0.198886551325285	7.080857887038556e-49		least stable
PA14_04820	[]	PA0367	0.1517840452452167	5.962682792459627e-29		least stable
PA14_04980	['KEGG-Pathway-pae00730: Thiamine metabolism']	PA0381	0.5323794934133872	0.0	thiG	most stable
PA14_05130	[]	PA0392	0.5051014638830132	0.0		most stable
PA14_05560	['KEGG-Pathway-pae03018: RNA degradation']	PA0428	0.5171149064419435	0.0		most stable
PA14_05580	[]	PA0429	0.5088576662979648	0.0		most stable
PA14_05820	[]	PA0446	0.16247216011040716	5.5637879903882566e-33		least stable
PA14_06040	[]	PA0462	0.56747372346679	0.0		most stable
PA14_06080	[]	PA0465	0.14992020161552128	2.8132957614496645e-28	creD	least stable
PA14_06170	[]	PA0471	0.5064500213884061	0.0	fiuR	most stable
PA14_06250	[]	PA0478	0.06207210989861611	5.510410080651394e-06		least stable
PA14_06270	['KEGG-Pathway-pae00362: Benzoate degradation', 'KEGG-Pathway-pae01220: Degradation of aromatic compounds', 'KEGG-Module-M00568: Catechol ortho-cleavage, catechol => 3-oxoadipate']	PA0480	0.1677141282791057	4.619994393366463e-35		least stable
PA14_06460	[]	PA0495	0.18128409359976505	9.043049945211948e-41		least stable
PA14_06650	[]	PA0509	0.5236501549572422	0.0	nirN	most stable
PA14_06670	[]	PA0511	0.5644323395521625	0.0	nirJ	most stable
PA14_06700	[]	PA0514	0.5117231688576367	0.0	nirL	most stable
PA14_06710	[]	PA0515	0.538843608210158	0.0		most stable
PA14_06720	[]	PA0516	0.5255274550892364	0.0	nirF	most stable
PA14_06740	['KEGG-Pathway-pae00920: Sulfur metabolism']	PA0518	0.5074513104071622	0.0	nirM	most stable
PA14_06750	['KEGG-Pathway-pae00910: Nitrogen metabolism', 'KEGG-Module-M00529: Denitrification, nitrate => nitrogen']	PA0519	0.5079110236910547	0.0	nirS	most stable
PA14_06830	['KEGG-Pathway-pae00910: Nitrogen metabolism', 'KEGG-Module-M00529: Denitrification, nitrate => nitrogen']	PA0524	0.5106828611431695	0.0	norB	most stable
PA14_06840	[]	PA0525	0.5408873959211125	0.0		most stable
PA14_07050	[]	PA0543	0.5002867319746442	0.0		most stable
PA14_07130	['KEGG-Pathway-pae00030: Pentose phosphate pathway']	PA0548	0.5003052338805501	0.0	tktA	most stable
PA14_07300	[]	PA0561	0.17202216169288065	7.99690353814598e-37		least stable
PA14_07355	[]	PA0565	0.19793565750954487	2.0345931532609754e-48		least stable
PA14_07450	[]	PA0574	0.19040906318541626	7.143422380213029e-45		least stable
PA14_07520	[]	PA0576	0.5347785143797661	0.0	rpoD	most stable
PA14_07550	[]	PA0578	0.5494116794047517	0.0		most stable
PA14_07560	['KEGG-Pathway-pae03010: Ribosome', 'KEGG-Module-M00178: Ribosome, bacteria']	PA0579	0.5075250598616262	0.0	rpsU	most stable
PA14_07650	[]	PA0586	0.5425834185524963	0.0		most stable
PA14_07660	[]	PA0587	0.5058122252279154	0.0		most stable
PA14_07680	[]	PA0588	0.5484703432143776	0.0		most stable
PA14_07760	[]	PA0594	0.5140659431783714	0.0	surA	most stable
PA14_07770	[]	PA0595	0.5003455162675966	0.0	lptD	most stable
PA14_07860	['KEGG-Module-M00193: Putative spermidine/putrescine transport system']	PA0603	0.19703994320303692	5.47160936447579e-48	agtA	least stable
PA14_07890	['KEGG-Module-M00193: Putative spermidine/putrescine transport system']	PA0605	0.19081030493654613	4.662307718112135e-45	agtC	least stable
PA14_08010	[]	PA0616	0.5267619647592446	0.0		most stable
PA14_08020	[]	PA0617	0.5897274749343783	0.0		most stable
PA14_08030	[]	PA0618	0.557563313994263	0.0		most stable
PA14_08040	[]	PA0619	0.5505766066706604	0.0		most stable
PA14_08050	[]	PA0620	0.5450205660219243	0.0		most stable
PA14_08070	[]	PA0622	0.549083502422695	0.0		most stable
PA14_08090	[]	PA0623	0.5498276191365171	0.0		most stable
PA14_08100	[]	PA0624	0.5642049927795562	0.0		most stable
PA14_08120	[]	PA0625	0.547340448681509	0.0		most stable
PA14_08130	[]	PA0626	0.5051661325482613	0.0		most stable
PA14_08150	[]	PA0628	0.5512127460037793	0.0		most stable
PA14_08160	[]	PA0629	0.5148897074130653	0.0		most stable
PA14_08190	[]	PA0631	0.5093108266103714	0.0		most stable
PA14_08260	[]	PA0638	0.5048723797402157	0.0		most stable
PA14_08680	[]	PA4277	0.5691117610576345	0.0	tufB	most stable
PA14_08695	['KEGG-Pathway-pae03070: Bacterial secretion system', 'KEGG-Pathway-pae03060: Protein export', 'KEGG-Module-M00335: Sec (secretion) system']	PA4276	0.5277516175557863	0.0	secE	most stable
PA14_08710	[]	PA4275	0.503857482330054	0.0	nusG	most stable
PA14_08720	['KEGG-Pathway-pae03010: Ribosome', 'KEGG-Module-M00178: Ribosome, bacteria']	PA4274	0.58201372227713	0.0	rplK	most stable
PA14_08730	['KEGG-Pathway-pae03010: Ribosome', 'KEGG-Module-M00178: Ribosome, bacteria']	PA4273	0.5609021923233309	0.0	rplA	most stable
PA14_08740	['KEGG-Pathway-pae03010: Ribosome', 'KEGG-Module-M00178: Ribosome, bacteria']	PA4272	0.554591954312562	0.0	rplJ	most stable
PA14_08780	['KEGG-Pathway-pae00230: Purine metabolism', 'KEGG-Pathway-pae00240: Pyrimidine metabolism']	PA4269	0.5428701865268155	0.0	rpoC	most stable
PA14_08790	['KEGG-Pathway-pae03010: Ribosome', 'KEGG-Module-M00178: Ribosome, bacteria']	PA4268	0.5276205037261903	0.0	rpsL	most stable
PA14_08810	['KEGG-Pathway-pae03010: Ribosome', 'KEGG-Module-M00178: Ribosome, bacteria']	PA4267	0.5396008152647216	0.0	rpsG	most stable
PA14_08820	[]	PA4266	0.6272129504499935	0.0	fusA1	most stable
PA14_08830	[]	PA4265	0.5796437184487384	0.0	tufA	most stable
PA14_08850	['KEGG-Pathway-pae03010: Ribosome', 'KEGG-Module-M00178: Ribosome, bacteria']	PA4263	0.5283771574718061	0.0	rplC	most stable
PA14_08860	['KEGG-Pathway-pae03010: Ribosome', 'KEGG-Module-M00178: Ribosome, bacteria']	PA4262	0.6368934864459126	0.0	rplD	most stable
PA14_08870	['KEGG-Pathway-pae03010: Ribosome', 'KEGG-Module-M00178: Ribosome, bacteria']	PA4261	0.5667174462678926	0.0	rplW	most stable
PA14_08880	['KEGG-Pathway-pae03010: Ribosome', 'KEGG-Module-M00178: Ribosome, bacteria']	PA4260	0.5870505295427885	0.0	rplB	most stable
PA14_08890	['KEGG-Pathway-pae03010: Ribosome', 'KEGG-Module-M00178: Ribosome, bacteria']	PA4259	0.5521727328775039	0.0	rpsS	most stable
PA14_08900	['KEGG-Pathway-pae03010: Ribosome', 'KEGG-Module-M00178: Ribosome, bacteria']	PA4258	0.5411274609577839	0.0	rplV	most stable
PA14_08910	['KEGG-Pathway-pae03010: Ribosome', 'KEGG-Module-M00178: Ribosome, bacteria']	PA4257	0.5598297829727225	0.0	rpsC	most stable
PA14_08920	['KEGG-Pathway-pae03010: Ribosome', 'KEGG-Module-M00178: Ribosome, bacteria']	PA4256	0.5661870068946789	0.0	rplP	most stable
PA14_08930	['KEGG-Pathway-pae03010: Ribosome', 'KEGG-Module-M00178: Ribosome, bacteria']	PA4255	0.5154225266647116	0.0	rpmC	most stable
PA14_08950	['KEGG-Pathway-pae03010: Ribosome', 'KEGG-Module-M00178: Ribosome, bacteria']	PA4253	0.5374901644555451	0.0	rplN	most stable
PA14_08960	['KEGG-Pathway-pae03010: Ribosome', 'KEGG-Module-M00178: Ribosome, bacteria']	PA4252	0.5269168911332196	0.0	rplX	most stable
PA14_08970	['KEGG-Pathway-pae03010: Ribosome', 'KEGG-Module-M00178: Ribosome, bacteria']	PA4251	0.5269108547464162	0.0	rplE	most stable
PA14_08990	['KEGG-Pathway-pae03010: Ribosome', 'KEGG-Module-M00178: Ribosome, bacteria']	PA4249	0.5408242136335798	0.0	rpsH	most stable
PA14_09000	['KEGG-Pathway-pae03010: Ribosome', 'KEGG-Module-M00178: Ribosome, bacteria']	PA4248	0.6099382767110622	0.0	rplF	most stable
PA14_09010	['KEGG-Pathway-pae03010: Ribosome', 'KEGG-Module-M00178: Ribosome, bacteria']	PA4247	0.585376486188537	0.0	rplR	most stable
PA14_09020	['KEGG-Pathway-pae03010: Ribosome', 'KEGG-Module-M00178: Ribosome, bacteria']	PA4246	0.5656570730184685	0.0	rpsE	most stable
PA14_09030	['KEGG-Pathway-pae03010: Ribosome', 'KEGG-Module-M00178: Ribosome, bacteria']	PA4245	0.515192526705164	0.0	rpmD	most stable
PA14_09040	['KEGG-Pathway-pae03010: Ribosome', 'KEGG-Module-M00178: Ribosome, bacteria']	PA4244	0.5582683350775743	0.0	rplO	most stable
PA14_09050	['KEGG-Pathway-pae03070: Bacterial secretion system', 'KEGG-Pathway-pae03060: Protein export', 'KEGG-Module-M00335: Sec (secretion) system']	PA4243	0.5942951567699986	0.0	secY	most stable
PA14_09080	['KEGG-Pathway-pae03010: Ribosome', 'KEGG-Module-M00178: Ribosome, bacteria']	PA4241	0.5354361583697692	0.0	rpsM	most stable
PA14_09090	['KEGG-Pathway-pae03010: Ribosome', 'KEGG-Module-M00178: Ribosome, bacteria']	PA4240	0.5103532785380495	0.0	rpsK	most stable
PA14_09100	['KEGG-Pathway-pae03010: Ribosome', 'KEGG-Module-M00178: Ribosome, bacteria']	PA4239	0.6364228281746562	0.0	rpsD	most stable
PA14_09115	['KEGG-Pathway-pae00230: Purine metabolism', 'KEGG-Pathway-pae00240: Pyrimidine metabolism']	PA4238	0.5941057599836869	0.0	rpoA	most stable
PA14_09130	['KEGG-Pathway-pae03010: Ribosome', 'KEGG-Module-M00178: Ribosome, bacteria']	PA4237	0.5880247002210284	0.0	rplQ	most stable
PA14_09180	['KEGG-Pathway-pae03420: Nucleotide excision repair']	PA4234	0.5136378444443849	0.0	uvrA	most stable
PA14_09550	[]	PA4204	0.5920618251914015	0.0	ppgL	most stable
PA14_09610	[]	PA4200	0.13136786239263304	4.909429600372077e-22		least stable
PA14_09690	[]	PA4196	0.17440303231345078	8.11318927547319e-38	bfiR	least stable
PA14_10420	['KEGG-Pathway-pae00970: Aminoacyl-tRNA biosynthesis', 'KEGG-Module-M00360: Aminoacyl-tRNA biosynthesis, prokaryotes']	PA4138	0.18698228412653425	2.6277818907384998e-43	tyrS	least stable
PA14_10730	[]	PA4115	0.5123336312665566	0.0		most stable
PA14_10770	[]	PA4112	0.5425742821847127	0.0		most stable
PA14_10780	[]	PA4111	0.19598866306345716	1.7366354355160254e-47		least stable
PA14_10790	['KEGG-Pathway-pae00312: beta-Lactam resistance']	PA4110	0.124007455292393	8.618491597181753e-20	ampC	least stable
PA14_10840	[]	PA3507	0.023861324896799117	0.08090267376959223		least stable
PA14_10850	[]	PA4100	0.14316713043122062	6.587879090230855e-26		least stable
PA14_10910	[]	PA4096	0.1467824483629165	3.6656185203103035e-27		least stable
PA14_10990	['KEGG-Pathway-pae00350: Tyrosine metabolism', 'KEGG-Pathway-pae01220: Degradation of aromatic compounds']	PA4092	0.1999776200112466	2.0951533068990506e-49	hpaC	least stable
PA14_11190	['KEGG-Pathway-pae00360: Phenylalanine metabolism', 'KEGG-Pathway-pae00643: Styrene degradation']	PA4073	0.13898916723060695	1.693149461452351e-24		least stable
PA14_11400	['KEGG-Pathway-pae00740: Riboflavin metabolism', 'KEGG-Module-M00125: Riboflavin biosynthesis, GTP => riboflavin/FMN/FAD']	PA4056	0.5298984815686933	0.0	ribD	most stable
PA14_11550	['KEGG-Pathway-pae00900: Terpenoid backbone biosynthesis', 'KEGG-Pathway-pae00730: Thiamine metabolism']	PA4044	0.5077209491701712	0.0	dxs	most stable
PA14_11670	[]	PA4033	0.17909766508408506	8.084178771882519e-40	mucE	least stable
PA14_12060	['KEGG-Pathway-pae00312: beta-Lactam resistance', 'KEGG-Pathway-pae00550: Peptidoglycan biosynthesis']	PA4003	0.5688479756744897	0.0	pbpA	most stable
PA14_12070	[]	PA4002	0.5276690108307424	0.0	rodA	most stable
PA14_12100	['KEGG-Pathway-pae00550: Peptidoglycan biosynthesis']	PA3999	0.5404874633425405	0.0	dacC	most stable
PA14_12150	[]	PA3994	0.18447751668325169	3.506787973423846e-42		least stable
PA14_12170	[]	PA3991	0.14953296922955714	3.8736697471772778e-28		least stable
PA14_12230	['KEGG-Pathway-pae00970: Aminoacyl-tRNA biosynthesis', 'KEGG-Module-M00360: Aminoacyl-tRNA biosynthesis, prokaryotes']	PA3987	0.5002898506992479	0.0	leuS	most stable
PA14_12310	[]	PA3982	0.5173961751646359	0.0		most stable
PA14_12330	[]	PA3981	0.5765847660331181	0.0		most stable
PA14_12350	[]	PA3980	0.5137052964039371	0.0		most stable
PA14_12410	['KEGG-Pathway-pae00730: Thiamine metabolism']	PA3975	0.5026492952236103	0.0	thiD	most stable
PA14_12590	[]	PA3964	0.19338796381144824	2.939272287722146e-46		least stable
PA14_12920	['KEGG-Pathway-pae00920: Sulfur metabolism']	PA3938	0.5569443424779709	0.0		most stable
PA14_12940	['KEGG-Pathway-pae00920: Sulfur metabolism']	PA3937	0.5547357009715265	0.0		most stable
PA14_12960	['KEGG-Pathway-pae00920: Sulfur metabolism']	PA3936	0.5237723527448014	0.0		most stable
PA14_13140	[]	PA3922	0.5053588590678846	0.0		most stable
PA14_13340	[]	PA3909	0.5172250356343865	0.0	eddB	most stable
PA14_13490	[]	PA3897	0.17409680375393252	1.09096144027286e-37		least stable
PA14_13580	[]	PA3891	0.5024725429346156	0.0	opuCA	most stable
PA14_13890	[]	PA3868	0.1940515008346346	1.4337113832755155e-46		least stable
PA14_13940	[]	PA3866	0.15558855134547228	2.3629114207523054e-30		least stable
PA14_14360	[]	PA3839	0.5261316233957629	0.0		most stable
PA14_14390	[]	PA3836	0.5592863363494313	0.0		most stable
PA14_14430	[]	PA3835	0.1263528876562048	1.7156961637757968e-20		least stable
PA14_14440	['KEGG-Pathway-pae00970: Aminoacyl-tRNA biosynthesis', 'KEGG-Module-M00360: Aminoacyl-tRNA biosynthesis, prokaryotes']	PA3834	0.5057143029402902	0.0	valS	most stable
PA14_14500	[]	PA3828	0.5269081285898362	0.0	lptF	most stable
PA14_14510	[]	PA3827	0.5806909798201539	0.0	lptG	most stable
PA14_14630	['KEGG-Pathway-pae03070: Bacterial secretion system', 'KEGG-Pathway-pae03060: Protein export', 'KEGG-Module-M00335: Sec (secretion) system']	PA3821	0.5959598910189277	0.0	secD	most stable
PA14_14650	['KEGG-Pathway-pae03070: Bacterial secretion system', 'KEGG-Pathway-pae03060: Protein export', 'KEGG-Module-M00335: Sec (secretion) system']	PA3820	0.6229810351197566	0.0	secF	most stable
PA14_14680	['KEGG-Pathway-pae00562: Inositol phosphate metabolism', 'KEGG-Pathway-pae00521: Streptomycin biosynthesis']	PA3818	0.5730389601974442	0.0		most stable
PA14_14880	['KEGG-Pathway-pae00900: Terpenoid backbone biosynthesis']	PA3803	0.5278414788539314	0.0	gcpE	most stable
PA14_14900	[]	PA3801	0.5130599006292105	0.0		most stable
PA14_14910	[]	PA3800	0.5490524546107902	0.0		most stable
PA14_14930	[]	PA3799	0.5013205212205624	0.0		most stable
PA14_15430	[]	PA3867	0.03425032385241767	0.012217011095077276		least stable
PA14_15720	[]	PA3764	0.5528500961715006	0.0		most stable
PA14_15740	['KEGG-Pathway-pae00230: Purine metabolism', 'KEGG-Module-M00048: Inosine monophosphate biosynthesis, PRPP + glutamine => IMP']	PA3763	0.5816103812025918	0.0	purL	most stable
PA14_15810	[]	PA3759	0.1971624710067822	4.780428228482756e-48		least stable
PA14_15960	['KEGG-Pathway-pae03070: Bacterial secretion system', 'KEGG-Pathway-pae03060: Protein export', 'KEGG-Module-M00335: Sec (secretion) system']	PA3746	0.5178141292195053	0.0	ffh	most stable
PA14_15980	[]	PA3744	0.5336741159859547	0.0	rimM	most stable
PA14_15990	[]	PA3743	0.5502075144982421	0.0	trmD	most stable
PA14_16000	['KEGG-Pathway-pae03010: Ribosome', 'KEGG-Module-M00178: Ribosome, bacteria']	PA3742	0.5349391388614063	0.0	rplS	most stable
PA14_16050	[]	PA3737	0.5351756114858707	0.0	dsbC	most stable
PA14_16180	[]	PA3729	0.5658010504539165	0.0		most stable
PA14_16190	[]	PA3728	0.5612609929676822	0.0		most stable
PA14_16530	['KEGG-Pathway-pae00970: Aminoacyl-tRNA biosynthesis', 'KEGG-Module-M00360: Aminoacyl-tRNA biosynthesis, prokaryotes']	PA3700	0.6327595809438518	0.0	lysS	most stable
PA14_16630	[]	PA3692	0.5669651087408493	0.0	lptF	most stable
PA14_16640	[]	PA3691	0.5449329986771023	0.0		most stable
PA14_16690	['KEGG-Pathway-pae00620: Pyruvate metabolism', 'KEGG-Pathway-pae00680: Methane metabolism']	PA3687	0.5183653503389558	0.0	ppc	most stable
PA14_16750	[]	PA3681	0.16915129319225305	1.208168344167483e-35		least stable
PA14_16930	[]	PA3667	0.5136518128466809	0.0		most stable
PA14_17060	['KEGG-Pathway-pae03010: Ribosome', 'KEGG-Module-M00178: Ribosome, bacteria']	PA3656	0.5910204325943963	0.0	rpsB	most stable
PA14_17070	[]	PA3655	0.5795256649113371	0.0	tsf	most stable
PA14_17130	['KEGG-Pathway-pae00900: Terpenoid backbone biosynthesis']	PA3650	0.5426934207212432	0.0	dxr	most stable
PA14_17150	[]	PA3648	0.546215730146595	0.0	opr86	most stable
PA14_17170	[]	PA3647	0.5168864305482453	0.0		most stable
PA14_17220	['KEGG-Pathway-pae00540: Lipopolysaccharide biosynthesis']	PA3643	0.5268776366621791	0.0	lpxB	most stable
PA14_17580	[]	PA3613	0.6214841466949111	0.0		most stable
PA14_17810	[]	PA3593	0.1888002274248488	3.915109194370796e-44		least stable
PA14_18040	[]	PA3577	0.1954161782390494	3.2482421209178453e-47		least stable
PA14_18080	['KEGG-Pathway-pae00312: beta-Lactam resistance']	PA3574	0.19547431034900511	3.048410935012377e-47	nalD	least stable
PA14_18260	['KEGG-Pathway-pae00051: Fructose and mannose metabolism']	PA3561	0.16644360921947526	1.497218880686624e-34	fruK	least stable
PA14_18710	['KEGG-Pathway-pae00240: Pyrimidine metabolism']	PA3527	0.5481673475200405	0.0	pyrC	most stable
PA14_18880	['KEGG-Pathway-pae03410: Base excision repair']	PA3495	0.5067718041794731	0.0	nth	most stable
PA14_18910	[]	PA3492	0.5049925922482631	0.0		most stable
PA14_18920	[]	PA3491	0.5280308348242411	0.0		most stable
PA14_19020	[]	PA3484	0.5478755581529611	0.0	tse3	most stable
PA14_19120	['KEGG-Module-M00644: Multidrug resistance, efflux pump MexHI-OprD']	PA3477	0.5153810091385499	0.0	rhlR	most stable
PA14_19360	[]	PA3460	0.5265464433336429	0.0		most stable
PA14_19490	[]	PA3450	0.5347234343730821	0.0	lsfA	most stable
PA14_19500	['KEGG-Pathway-pae00920: Sulfur metabolism', 'KEGG-Module-M00436: Sulfonate transport system']	PA3449	0.5022810214331896	0.0		most stable
PA14_19530	['KEGG-Pathway-pae00920: Sulfur metabolism', 'KEGG-Pathway-pae00740: Riboflavin metabolism']	PA3446	0.5079025923246031	0.0		most stable
PA14_19540	['KEGG-Pathway-pae00920: Sulfur metabolism', 'KEGG-Module-M00436: Sulfonate transport system']	PA3445	0.5272621582092311	0.0		most stable
PA14_19560	['KEGG-Pathway-pae00920: Sulfur metabolism']	PA3444	0.5709915739537985	0.0		most stable
PA14_19610	[]	PA3440	0.5427611059647771	0.0		most stable
PA14_19680	[]	PA3432	0.19977946067474991	2.615169342795816e-49		least stable
PA14_19690	[]	PA3431	0.19699017292854004	5.779983677087901e-48		least stable
PA14_19900	['KEGG-Pathway-pae00020: Citrate cycle (TCA cycle)', 'KEGG-Pathway-pae00620: Pyruvate metabolism', 'KEGG-Pathway-pae00010: Glycolysis / Gluconeogenesis', 'KEGG-Module-M00307: Pyruvate oxidation, pyruvate => acetyl-CoA']	PA3417	0.5010387608478929	0.0		most stable
PA14_19960	[]	PA3412	0.16938201108207326	9.730344199087547e-36		least stable
PA14_20320	['KEGG-Module-M00223: Phosphonate transport system']	PA3383	0.5516125628988052	0.0		most stable
PA14_20330	['KEGG-Module-M00223: Phosphonate transport system']	PA3382	0.5409089379940901	0.0	phnE	most stable
PA14_20510	[]	PA2457	0.1952356003600106	3.955936319885369e-47		least stable
PA14_20700	[]	PA3353	0.5355882739603102	0.0		most stable
PA14_20890	['KEGG-Pathway-pae00540: Lipopolysaccharide biosynthesis']	PA3337	0.5462325158824909	0.0	rfaD	most stable
PA14_21040	[]	PA3325	0.16863187395049348	1.9645318532522485e-35		least stable
PA14_21120	[]	PA3318	0.1973696502819791	3.803741330819943e-48		least stable
PA14_21140	['KEGG-Module-M00223: Phosphonate transport system']	PA3316	0.19081305458335165	4.6486797825722434e-45		least stable
PA14_21190	[]	PA3311	0.5194851399564219	0.0	nbdA	most stable
PA14_21220	[]	PA3309	0.5537793382660949	0.0		most stable
PA14_21400	[]	PA3297	0.5084045535722533	0.0		most stable
PA14_21410	['KEGG-Pathway-pae00627: Aminobenzoate degradation', 'KEGG-Pathway-pae00790: Folate biosynthesis', 'KEGG-Module-M00126: Tetrahydrofolate biosynthesis, GTP => THF']	PA3296	0.5005523297916827	0.0	phoA	most stable
PA14_21580	[]	PA3283	0.19787894681468515	2.1664133307890836e-48		least stable
PA14_21590	[]	PA3282	0.17013504543931673	4.790636775120403e-36		least stable
PA14_21600	[]	PA3281	0.1660675617491107	2.1166438147741103e-34		least stable
PA14_22075	[]	PA3240	0.14210827085793454	1.513990321176884e-25		least stable
PA14_22490	[]	PA3223	0.1519071882246098	5.378034652072829e-29	azoR3	least stable
PA14_22730	[]	PA3206	0.1888397199614928	3.7556689048219404e-44		least stable
PA14_23110	[]	PA3179	0.5386473349291837	0.0		most stable
PA14_23260	[]	PA3168	0.5404536773009481	0.0	gyrA	most stable
PA14_23270	['KEGG-Pathway-pae00260: Glycine, serine and threonine metabolism', 'KEGG-Pathway-pae00750: Vitamin B6 metabolism', 'KEGG-Pathway-pae00680: Methane metabolism', 'KEGG-Module-M00124: Pyridoxal biosynthesis, erythrose-4P => pyridoxal-5P']	PA3167	0.5177216070461427	0.0	serC	most stable
PA14_23330	['KEGG-Pathway-pae03010: Ribosome', 'KEGG-Module-M00178: Ribosome, bacteria']	PA3162	0.5267542441343841	0.0	rpsA	most stable
PA14_23450	[]	PA3146	0.18967166453465814	1.5609023898809716e-44	wbpK	least stable
PA14_23460	[]	PA3145	0.1491221121883009	5.4337536692087165e-28	wbpL	least stable
PA14_23930	['KEGG-Pathway-pae00270: Cysteine and methionine metabolism', 'KEGG-Pathway-pae00920: Sulfur metabolism']	PA3107	0.5222209315091924	0.0	metZ	most stable
PA14_24070	['KEGG-Pathway-pae03070: Bacterial secretion system', 'KEGG-Module-M00331: Type II general secretion pathway']	PA3097	0.5194186096018226	0.0	xcpX	most stable
PA14_24240	[]	PA3086	0.5054577833012073	0.0		most stable
PA14_24270	['KEGG-Pathway-pae00480: Glutathione metabolism']	PA3083	0.5337592233208438	0.0	pepN	most stable
PA14_24350	[]	PA3077	0.11184854429755704	2.2793094301563944e-16	cprR	least stable
PA14_24730	['KEGG-Pathway-pae00230: Purine metabolism']	PA3043	0.5166839851405276	0.0		most stable
PA14_24910	[]	PA3028	0.5263977267757567	0.0	moeA2	most stable
PA14_25020	[]	PA3019	0.515933088248131	0.0		most stable
PA14_25305	[]	PA2998	0.5272169346741425	0.0	nqrB	most stable
PA14_25330	[]	PA2996	0.5376014575756711	0.0	nqrD	most stable
PA14_25430	[]	PA2988	0.5290759152607515	0.0	lolE	most stable
PA14_25450	[]	PA2986	0.5157428383320218	0.0	lolC	most stable
PA14_25630	['KEGG-Pathway-pae03010: Ribosome', 'KEGG-Module-M00178: Ribosome, bacteria']	PA2970	0.5127214050727045	0.0	rpmF	most stable
PA14_26010	['KEGG-Pathway-pae00071: Fatty acid degradation', 'KEGG-Pathway-pae00362: Benzoate degradation', 'KEGG-Pathway-pae00280: Valine, leucine and isoleucine degradation', 'KEGG-Pathway-pae00281: Geraniol degradation', 'KEGG-Pathway-pae01212: Fatty acid metabolism', 'KEGG-Module-M00087: beta-Oxidation']	PA2940	0.1858530867275898	8.48982019922689e-43		least stable
PA14_26090	[]	PA2934	0.1857910998212555	9.052364846443974e-43	cif	least stable
PA14_26110	[]	PA2933	0.18896251442685089	3.3000320585365516e-44		least stable
PA14_26160	[]	PA2929	0.1537821139040751	1.1056215580182913e-29		least stable
PA14_26330	[]	PA2917	0.19336980497253303	2.9974788812542718e-46		least stable
PA14_26390	['KEGG-Module-M00240: Iron complex transport system']	PA2913	0.19622643841392826	1.3381696663649508e-47		least stable
PA14_27210	[]	PA2851	0.5058551447860463	0.0	efp	most stable
PA14_27370	['KEGG-Pathway-pae03018: RNA degradation']	PA2840	0.5971098658820814	0.0		most stable
PA14_27390	[]	PA2839	0.1917325892576853	1.742153420810995e-45		least stable
PA14_27730	['KEGG-Pathway-pae00071: Fatty acid degradation', 'KEGG-Pathway-pae01212: Fatty acid metabolism', 'KEGG-Module-M00087: beta-Oxidation']	PA2815	0.5843802298480693	0.0		most stable
PA14_27830	[]	PA2808	0.19713272641536345	4.9397813487933053e-48	ptrA	least stable
PA14_27840	[]	PA2807	0.1238343752977768	9.696958689984912e-20		least stable
PA14_27990	[]	PA2794	0.19022144197675506	8.717918866005948e-45		least stable
PA14_28000	[]	PA2793	0.5181212131191201	0.0		most stable
PA14_28100	[]	PA2783	0.1076312023573197	2.9003793967212106e-15	mep72	least stable
PA14_28240	[]	PA2772	0.16326644279943042	2.7196704132421838e-33		least stable
PA14_28350	[]	PA2764	0.17605672435457326	1.6237695941361356e-38		least stable
PA14_28500	[]	PA2753	0.5099645726992506	0.0		most stable
PA14_28680	['KEGG-Pathway-pae03010: Ribosome', 'KEGG-Module-M00178: Ribosome, bacteria']	PA2741	0.512644276791003	0.0	rplT	most stable
PA14_28940	[]	PA2723	0.16546409101324586	3.6830167396354597e-34		least stable
PA14_28950	[]	PA2722	0.11661013676515608	1.1473541546840302e-17		least stable
PA14_29100	[]	PA2710	0.5174511646789396	0.0		most stable
PA14_29290	[]	PA2693	0.1822200341771467	3.5103965560513913e-41		least stable
PA14_29360	[]	PA2687	0.5151948862169984	0.0	pfeS	most stable
PA14_29400	[]	PA2684	0.5140464845862746	0.0	tse5	most stable
PA14_29460	[]	PA2680	0.18067319476473745	1.6724221985305589e-40		least stable
PA14_30110	['KEGG-Pathway-pae00230: Purine metabolism', 'KEGG-Pathway-pae00250: Alanine, aspartate and glutamate metabolism', 'KEGG-Module-M00048: Inosine monophosphate biosynthesis, PRPP + glutamine => IMP', 'KEGG-Module-M00049: Adenine ribonucleotide biosynthesis, IMP => ADP,ATP']	PA2629	0.5171053795547662	0.0	purB	most stable
PA14_30180	['KEGG-Pathway-pae00480: Glutathione metabolism', 'KEGG-Pathway-pae00020: Citrate cycle (TCA cycle)', 'KEGG-Pathway-pae01210: 2-Oxocarboxylic acid metabolism', 'KEGG-Module-M00009: Citrate cycle (TCA cycle, Krebs cycle)', 'KEGG-Module-M00010: Citrate cycle, first carbon oxidation, oxaloacetate => 2-oxoglutarate']	PA2624	0.5282073834124038	0.0	idh	most stable
PA14_30210	[]	PA2621	0.5279937771625153	0.0	clpS	most stable
PA14_30230	[]	PA2620	0.5557038086567153	0.0	clpA	most stable
PA14_30280	['KEGG-Pathway-pae00450: Selenocompound metabolism', 'KEGG-Pathway-pae00240: Pyrimidine metabolism']	PA2616	0.5172624892132008	0.0	trxB1	most stable
PA14_30310	[]	PA2614	0.5119097464592752	0.0	lolA	most stable
PA14_30320	[]	PA2613	0.5296674606107503	0.0		most stable
PA14_30330	['KEGG-Pathway-pae00970: Aminoacyl-tRNA biosynthesis', 'KEGG-Module-M00360: Aminoacyl-tRNA biosynthesis, prokaryotes']	PA2612	0.5182934242064979	0.0	serS	most stable
PA14_30410	[]	PA2604	0.5033546164495064	0.0		most stable
PA14_30560	[]	PA2593	0.15939663499188178	8.593245856868872e-32	qteE	least stable
PA14_30660	['KEGG-Pathway-pae03420: Nucleotide excision repair']	PA2585	0.5086801479725055	0.0	uvrC	most stable
PA14_30730	[]	PA2581	0.5055074250126801	0.0		most stable
PA14_30820	['KEGG-Pathway-pae02030: Bacterial chemotaxis']	PA2573	0.5288109246273609	0.0		most stable
PA14_30830	[]	PA2572	0.5019041054231507	0.0		most stable
PA14_31010	[]	PA2520	0.10346416003362263	3.2546350180210407e-14	czcA	least stable
PA14_31460	[]	PA2558	0.1996022554175988	3.1879799525261264e-49		least stable
PA14_31970	[]	PA2522	0.1953490864170236	3.49512245174365e-47	czcC	least stable
PA14_31990	[]	PA2521	0.17249704344646954	5.07995296756965e-37	czcB	least stable
PA14_32270	[]	PA2505	0.08544635355059163	3.824611440661112e-10	opdT	least stable
PA14_32360	[]	PA2497	0.19806959066944654	1.754105793391629e-48		least stable
PA14_32370	[]	PA2496	0.1520701820833579	4.6907687496763727e-29		least stable
PA14_32440	[]	PA2490	0.19950250788725046	3.563667422264503e-49		least stable
PA14_32580	[]	PA2479	0.10068964010463767	1.5448597953373335e-13		least stable
PA14_32590	[]	PA2478	0.19023196186114627	8.621142515530422e-45		least stable
PA14_32690	['KEGG-Pathway-pae00350: Tyrosine metabolism']	PA2470	0.1936077848518048	2.317812080207941e-46	gtdA	least stable
PA14_32720	[]	PA2467	0.5156309822789229	0.0	foxR	most stable
PA14_32830	[]	PA2458	0.09445180917880057	4.3995400993667804e-12		least stable
PA14_32860	[]	PA2455	0.16606985496755358	2.1121848085031054e-34		least stable
PA14_33270	[]	PA2425	0.5259291736511139	0.0	pvdG	most stable
PA14_33280	[]	PA2424	0.5695229901035864	0.0	pvdL	most stable
PA14_33610	[]	PA2402	0.5313621764841631	0.0		most stable
PA14_33710	[]	PA2395	0.515219933325062	0.0	pvdO	most stable
PA14_33720	[]	PA2394	0.5163104989968281	0.0	pvdN	most stable
PA14_33730	[]	PA2393	0.5107346756489568	0.0		most stable
PA14_33740	[]	PA2392	0.5266830298381098	0.0	pvdP	most stable
PA14_33860	['KEGG-Pathway-pae00620: Pyruvate metabolism']	PA2382	0.1499709714609027	2.697589749797353e-28	lldA	least stable
PA14_34050	['KEGG-Module-M00334: Type VI secretion system']	PA2366	0.545882589097302	0.0	hsiC3	most stable
PA14_34070	['KEGG-Module-M00334: Type VI secretion system']	PA2365	0.5132537140483793	0.0	hsiB3	most stable
PA14_34130	['KEGG-Pathway-pae03070: Bacterial secretion system', 'KEGG-Module-M00334: Type VI secretion system']	PA2361	0.5225417181271413	0.0	icmF3	most stable
PA14_34190	['KEGG-Pathway-pae00920: Sulfur metabolism']	PA2356	0.18984193696054166	1.3035075037615722e-44	msuD	least stable
PA14_34680	['KEGG-Pathway-pae00330: Arginine and proline metabolism']	PA2317	0.1375305974061084	5.1390045237053375e-24		least stable
PA14_34880	[]	PA2299	0.19271505596197744	6.070946385104095e-46		least stable
PA14_34920	[]	PA2297	0.1914085313318584	2.463486729452629e-45		least stable
PA14_35050	[]	PA2283	0.1740844428450322	1.1040686261566459e-37		least stable
PA14_35690	[]	PA2235	0.17533683858556226	3.277333482398588e-38	pslE	least stable
PA14_36110	[]	PA2211	0.1991049112716656	5.552513226705279e-49		least stable
PA14_36310	['KEGG-Pathway-pae00460: Cyanoamino acid metabolism']	PA2195	0.5103412959624161	0.0	hcnC	most stable
PA14_36320	['KEGG-Pathway-pae00460: Cyanoamino acid metabolism']	PA2194	0.5097341440198953	0.0	hcnB	most stable
PA14_36375	[]	PA2180	0.5817773105963331	0.0		most stable
PA14_36420	[]	PA2177	0.5238222186097393	0.0		most stable
PA14_36450	[]	PA2176	0.5334419728055321	0.0		most stable
PA14_36520	[]	PA2171	0.5252670501946037	0.0		most stable
PA14_36530	[]	PA2169	0.5385374637277277	0.0		most stable
PA14_36550	[]	PA2167	0.5694712159664139	0.0		most stable
PA14_36570	['KEGG-Pathway-pae00500: Starch and sucrose metabolism']	PA2165	0.532907452476213	0.0		most stable
PA14_36580	['KEGG-Pathway-pae00500: Starch and sucrose metabolism']	PA2164	0.5425517941246165	0.0		most stable
PA14_36590	['KEGG-Pathway-pae00500: Starch and sucrose metabolism']	PA2163	0.6054335451152356	0.0		most stable
PA14_36605	['KEGG-Pathway-pae00500: Starch and sucrose metabolism']	PA2162	0.5523213076162549	0.0		most stable
PA14_36710	['KEGG-Pathway-pae00500: Starch and sucrose metabolism']	PA2153	0.5807790184127629	0.0	glgB	most stable
PA14_36730	['KEGG-Pathway-pae00500: Starch and sucrose metabolism']	PA2152	0.5393732032353784	0.0		most stable
PA14_36740	['KEGG-Pathway-pae00500: Starch and sucrose metabolism']	PA2151	0.563397960222469	0.0		most stable
PA14_37070	[]	PA2127	0.5177412610355726	0.0	cgrA	most stable
PA14_37190	[]	PA2118	0.15698856168964226	7.0549815255736685e-31	ada	least stable
PA14_37360	[]	PA2099	0.19802686071050965	1.8391364495071844e-48		least stable
PA14_37690	[]	PA2072	0.5375427409801947	0.0		most stable
PA14_37710	[]	PA2071	0.5312822741483508	0.0	fusA2	most stable
PA14_37790	[]	PA2065	0.10307870367924148	4.050956933033794e-14	pcoA	least stable
PA14_37810	[]	PA2064	0.1759804966400194	1.749372408591407e-38	pcoB	least stable
PA14_38180	[]	PA2037	0.12885453255010365	2.965754584642006e-21		least stable
PA14_38210	[]	PA2034	0.5398768036791022	0.0		most stable
PA14_38250	[]	PA2032	0.5285304849387886	0.0		most stable
PA14_38330	['KEGG-Pathway-pae00480: Glutathione metabolism']	PA2025	0.5626158130954856	0.0	gor	most stable
PA14_38350	['KEGG-Pathway-pae00040: Pentose and glucuronate interconversions', 'KEGG-Pathway-pae00052: Galactose metabolism', 'KEGG-Pathway-pae00500: Starch and sucrose metabolism', 'KEGG-Pathway-pae00520: Amino sugar and nucleotide sugar metabolism']	PA2023	0.5696303758620556	0.0	galU	most stable
PA14_38395	['KEGG-Pathway-pae00312: beta-Lactam resistance']	PA2019	0.1850059982159294	2.036187009819464e-42	mexX	least stable
PA14_38410	['KEGG-Pathway-pae00312: beta-Lactam resistance']	PA2018	0.17895343100676572	9.331773678701893e-40	mexY	least stable
PA14_38740	[]	PA1992	0.5263184494482268	0.0	ercS	most stable
PA14_38825	[]	PA1985	0.19471766630711707	6.955054676502081e-47	pqqA	least stable
PA14_39020	[]	PA1972	0.17451381879575567	7.287895366374174e-38		least stable
PA14_39150	[]	PA1962	0.17125456004095155	1.6605416263414282e-36	azoR2	least stable
PA14_39520	['KEGG-Pathway-pae00230: Purine metabolism']	PA1933	0.1974697433322842	3.405792538514294e-48		least stable
PA14_39580	[]	PA1928	0.19682396636263647	6.94061431431104e-48	rimJ	least stable
PA14_40380	[]	PA1864	0.19382158941778974	1.8391622740748047e-46		least stable
PA14_40600	[]	PA1850	0.1995254403435039	3.473571934732637e-49		least stable
PA14_40630	[]	PA1847	0.5001166414827689	0.0	nfuA	most stable
PA14_40770	['KEGG-Pathway-pae00920: Sulfur metabolism', 'KEGG-Module-M00616: Sulfate-sulfur assimilation', 'KEGG-Module-M00176: Assimilatory sulfate reduction, sulfate => H2S']	PA1838	0.5036259663233821	0.0	cysI	most stable
PA14_41130	['KEGG-Module-M00349: Microcin C transport system']	PA1810	0.5722015453913047	0.0	nppA2	most stable
PA14_41150	['KEGG-Module-M00349: Microcin C transport system']	PA1808	0.5511139374598824	0.0	nppC	most stable
PA14_41160	['KEGG-Module-M00349: Microcin C transport system']	PA1807	0.537730190064256	0.0	nppD	most stable
PA14_41210	[]	PA1804	0.5258691629103126	0.0	hupB	most stable
PA14_41230	[]	PA1802	0.5143867599532489	0.0	clpX	most stable
PA14_41380	['KEGG-Pathway-pae00970: Aminoacyl-tRNA biosynthesis', 'KEGG-Module-M00360: Aminoacyl-tRNA biosynthesis, prokaryotes']	PA1794	0.5347192996933409	0.0	glnS	most stable
PA14_41420	[]	PA1791	0.5024945314562431	0.0		most stable
PA14_41440	[]	PA1789	0.5442492606434669	0.0		most stable
PA14_41470	['KEGG-Pathway-pae00020: Citrate cycle (TCA cycle)', 'KEGG-Pathway-pae01210: 2-Oxocarboxylic acid metabolism', 'KEGG-Pathway-pae00630: Glyoxylate and dicarboxylate metabolism', 'KEGG-Pathway-pae00640: Propanoate metabolism', 'KEGG-Module-M00009: Citrate cycle (TCA cycle, Krebs cycle)', 'KEGG-Module-M00010: Citrate cycle, first carbon oxidation, oxaloacetate => 2-oxoglutarate']	PA1787	0.5351843204910476	0.0	acnB	most stable
PA14_41670	['KEGG-Pathway-pae00620: Pyruvate metabolism', 'KEGG-Pathway-pae00680: Methane metabolism']	PA1770	0.5673535158088514	0.0	ppsA	most stable
PA14_41690	[]	PA1768	0.5220115668260465	0.0		most stable
PA14_41710	[]	PA1767	0.5354813250656132	0.0		most stable
PA14_42160	[]	PA1730	0.5012150390294771	0.0		most stable
PA14_42270	['KEGG-Pathway-pae03070: Bacterial secretion system', 'KEGG-Module-M00332: Type III secretion system']	PA1723	0.527388880237442	0.0	pscJ	most stable
PA14_42280	['KEGG-Module-M00332: Type III secretion system']	PA1722	0.5507344952399632	0.0	pscI	most stable
PA14_42290	[]	PA1721	0.5218056929828088	0.0	pscH	most stable
PA14_42300	[]	PA1720	0.5414558868241851	0.0	pscG	most stable
PA14_42310	['KEGG-Pathway-pae03070: Bacterial secretion system', 'KEGG-Module-M00332: Type III secretion system']	PA1719	0.5855136429880495	0.0	pscF	most stable
PA14_42340	['KEGG-Module-M00332: Type III secretion system']	PA1717	0.5112083948200481	0.0	pscD	most stable
PA14_42350	['KEGG-Pathway-pae03070: Bacterial secretion system', 'KEGG-Module-M00332: Type III secretion system']	PA1716	0.6093227325764201	0.0	pscC	most stable
PA14_42360	[]	PA1715	0.5422827775864871	0.0	pscB	most stable
PA14_42380	[]	PA1714	0.5761429936205049	0.0	exsD	most stable
PA14_42400	[]	PA1712	0.5078144877418361	0.0	exsB	most stable
PA14_42440	[]	PA1709	0.5497945040551211	0.0	popD	most stable
PA14_42450	[]	PA1708	0.54094307099407	0.0	popB	most stable
PA14_42460	[]	PA1707	0.5277943624635083	0.0	pcrH	most stable
PA14_42470	[]	PA1706	0.5645560320887941	0.0	pcrV	most stable
PA14_42480	[]	PA1705	0.534022376182126	0.0	pcrG	most stable
PA14_42500	['KEGG-Pathway-pae03070: Bacterial secretion system', 'KEGG-Module-M00332: Type III secretion system']	PA1703	0.549070305621439	0.0	pcrD	most stable
PA14_42540	[]	PA1699	0.5562744708855816	0.0	pcr1	most stable
PA14_42550	['KEGG-Pathway-pae03070: Bacterial secretion system', 'KEGG-Module-M00332: Type III secretion system']	PA1698	0.5650151953028311	0.0	popN	most stable
PA14_42570	['KEGG-Pathway-pae03070: Bacterial secretion system', 'KEGG-Module-M00332: Type III secretion system']	PA1697	0.5317931169816794	0.0		most stable
PA14_42580	['KEGG-Pathway-pae03070: Bacterial secretion system', 'KEGG-Module-M00332: Type III secretion system']	PA1696	0.5585447000445171	0.0	pscO	most stable
PA14_42600	['KEGG-Pathway-pae03070: Bacterial secretion system', 'KEGG-Module-M00332: Type III secretion system']	PA1695	0.5337710681003678	0.0	pscP	most stable
PA14_42610	['KEGG-Pathway-pae03070: Bacterial secretion system', 'KEGG-Module-M00332: Type III secretion system']	PA1694	0.5455197823653218	0.0	pscQ	most stable
PA14_42760	['KEGG-Pathway-pae00400: Phenylalanine, tyrosine and tryptophan biosynthesis']	PA1681	0.5242096475335654	0.0	aroC	most stable
PA14_42860	[]	PA1673	0.5135657458956067	0.0		most stable
PA14_43030	['KEGG-Module-M00334: Type VI secretion system']	PA1658	0.5471821682650868	0.0	hsiC2	most stable
PA14_43140	[]	PA1653	0.15910279351090242	1.1130158674847167e-31		least stable
PA14_43340	[]	PA1637	0.168599870027427	2.0241640169673324e-35	kdpE	least stable
PA14_43370	[]	PA1635	0.1625588215131627	5.146725787471695e-33	kdpC	least stable
PA14_43380	[]	PA1634	0.14766062730606488	1.7970063966371265e-27	kdpB	least stable
PA14_43400	[]	PA1633	0.18449305539765135	3.451262685965618e-42	kdpA	least stable
PA14_43420	['KEGG-Pathway-pae00930: Caprolactam degradation']	PA1631	0.13086038179273468	7.079141158505258e-22		least stable
PA14_43720	[]	PA1607	0.15088286354812766	1.2655740279119242e-28		least stable
PA14_43850	[]	PA1596	0.5311711607697354	0.0	htpG	most stable
PA14_43940	['KEGG-Pathway-pae00660: C5-Branched dibasic acid metabolism', 'KEGG-Pathway-pae00020: Citrate cycle (TCA cycle)', 'KEGG-Pathway-pae00640: Propanoate metabolism', 'KEGG-Module-M00009: Citrate cycle (TCA cycle, Krebs cycle)', 'KEGG-Module-M00011: Citrate cycle, second carbon oxidation, 2-oxoglutarate => oxaloacetate']	PA1589	0.5679862406562681	0.0	sucD	most stable
PA14_43950	['KEGG-Pathway-pae00660: C5-Branched dibasic acid metabolism', 'KEGG-Pathway-pae00020: Citrate cycle (TCA cycle)', 'KEGG-Pathway-pae00640: Propanoate metabolism', 'KEGG-Module-M00009: Citrate cycle (TCA cycle, Krebs cycle)', 'KEGG-Module-M00011: Citrate cycle, second carbon oxidation, 2-oxoglutarate => oxaloacetate']	PA1588	0.5769981545575931	0.0	sucC	most stable
PA14_43970	['KEGG-Pathway-pae00260: Glycine, serine and threonine metabolism', 'KEGG-Pathway-pae00280: Valine, leucine and isoleucine degradation', 'KEGG-Pathway-pae00020: Citrate cycle (TCA cycle)', 'KEGG-Pathway-pae00620: Pyruvate metabolism', 'KEGG-Pathway-pae00010: Glycolysis / Gluconeogenesis', 'KEGG-Module-M00307: Pyruvate oxidation, pyruvate => acetyl-CoA', 'KEGG-Module-M00036: Leucine degradation, leucine => acetoacetate + acetyl-CoA', 'KEGG-Module-M00009: Citrate cycle (TCA cycle, Krebs cycle)', 'KEGG-Module-M00011: Citrate cycle, second carbon oxidation, 2-oxoglutarate => oxaloacetate']	PA1587	0.5320706347965879	0.0	lpd	most stable
PA14_44000	['KEGG-Pathway-pae00020: Citrate cycle (TCA cycle)', 'KEGG-Pathway-pae00310: Lysine degradation', 'KEGG-Module-M00009: Citrate cycle (TCA cycle, Krebs cycle)', 'KEGG-Module-M00011: Citrate cycle, second carbon oxidation, 2-oxoglutarate => oxaloacetate']	PA1586	0.552625388771246	0.0	sucB	most stable
PA14_44010	['KEGG-Pathway-pae00380: Tryptophan metabolism', 'KEGG-Pathway-pae00020: Citrate cycle (TCA cycle)', 'KEGG-Pathway-pae00310: Lysine degradation', 'KEGG-Module-M00009: Citrate cycle (TCA cycle, Krebs cycle)', 'KEGG-Module-M00011: Citrate cycle, second carbon oxidation, 2-oxoglutarate => oxaloacetate']	PA1585	0.5816623609460432	0.0	sucA	most stable
PA14_44020	['KEGG-Pathway-pae00190: Oxidative phosphorylation', 'KEGG-Pathway-pae00020: Citrate cycle (TCA cycle)', 'KEGG-Pathway-pae00650: Butanoate metabolism', 'KEGG-Module-M00009: Citrate cycle (TCA cycle, Krebs cycle)', 'KEGG-Module-M00011: Citrate cycle, second carbon oxidation, 2-oxoglutarate => oxaloacetate']	PA1584	0.5513895339789929	0.0	sdhB	most stable
PA14_44030	['KEGG-Pathway-pae00190: Oxidative phosphorylation', 'KEGG-Pathway-pae00020: Citrate cycle (TCA cycle)', 'KEGG-Pathway-pae00650: Butanoate metabolism', 'KEGG-Module-M00009: Citrate cycle (TCA cycle, Krebs cycle)', 'KEGG-Module-M00011: Citrate cycle, second carbon oxidation, 2-oxoglutarate => oxaloacetate']	PA1583	0.6043401765132923	0.0	sdhA	most stable
PA14_44050	['KEGG-Pathway-pae00190: Oxidative phosphorylation', 'KEGG-Pathway-pae00020: Citrate cycle (TCA cycle)', 'KEGG-Pathway-pae00650: Butanoate metabolism', 'KEGG-Module-M00009: Citrate cycle (TCA cycle, Krebs cycle)', 'KEGG-Module-M00011: Citrate cycle, second carbon oxidation, 2-oxoglutarate => oxaloacetate']	PA1582	0.5642448153652314	0.0	sdhD	most stable
PA14_44290	['KEGG-Pathway-pae00020: Citrate cycle (TCA cycle)', 'KEGG-Pathway-pae01210: 2-Oxocarboxylic acid metabolism', 'KEGG-Pathway-pae00630: Glyoxylate and dicarboxylate metabolism', 'KEGG-Module-M00009: Citrate cycle (TCA cycle, Krebs cycle)', 'KEGG-Module-M00010: Citrate cycle, first carbon oxidation, oxaloacetate => 2-oxoglutarate']	PA1562	0.5294791916749186	0.0	acnA	most stable
PA14_44570	[]	PA1537	0.19291926524918274	4.872830433173234e-46		least stable
PA14_45030	['KEGG-Pathway-pae00260: Glycine, serine and threonine metabolism', 'KEGG-Pathway-pae00630: Glyoxylate and dicarboxylate metabolism']	PA1499	0.1562893197208687	1.2920938297866731e-30		least stable
PA14_45050	['KEGG-Pathway-pae00230: Purine metabolism', 'KEGG-Pathway-pae00620: Pyruvate metabolism', 'KEGG-Pathway-pae00010: Glycolysis / Gluconeogenesis', 'KEGG-Module-M00049: Adenine ribonucleotide biosynthesis, IMP => ADP,ATP', 'KEGG-Module-M00050: Guanine ribonucleotide biosynthesis IMP => GDP,GTP', 'KEGG-Module-M00002: Glycolysis, core module involving three-carbon compounds']	PA1498	0.17730434019223248	4.7734011375669747e-39	pykF	least stable
PA14_45120	[]	PA1492	0.14124099811243576	2.9789871852953866e-25		least stable
PA14_45280	[]	PA1483	0.5198889694643302	0.0	cycH	most stable
PA14_45430	['KEGG-Pathway-pae00780: Biotin metabolism', 'KEGG-Pathway-pae01040: Biosynthesis of unsaturated fatty acids', 'KEGG-Pathway-pae01212: Fatty acid metabolism', 'KEGG-Pathway-pae00061: Fatty acid biosynthesis', 'KEGG-Module-M00083: Fatty acid biosynthesis, elongation', 'KEGG-Module-M00572: Pimeloyl-ACP biosynthesis, BioC-BioH pathway, malonyl-ACP => pimeloyl-ACP']	PA1470	0.17763453983652244	3.4470293348251674e-39		least stable
PA14_45470	['KEGG-Pathway-pae00480: Glutathione metabolism']	PA1466	0.16318507216650271	2.927078928305013e-33		least stable
PA14_45480	[]	PA1465	0.5112973093332913	0.0		most stable
PA14_45800	['KEGG-Pathway-pae02040: Flagellar assembly', 'KEGG-Pathway-pae02030: Bacterial chemotaxis']	PA1443	0.5132653739261512	0.0	fliM	most stable
PA14_45890	[]	PA1436	0.1864572121049803	4.537569493466327e-43		least stable
PA14_45910	[]	PA1435	0.14054354452478646	5.1182570323456055e-25		least stable
PA14_45920	[]	PA1434	0.1987441374284329	8.29637841289507e-49		least stable
PA14_45970	[]	PA1429	0.5338123014601008	0.0		most stable
PA14_46100	[]	PA1419	0.1842507626051351	4.425774984369642e-42		least stable
PA14_46240	[]	PA1408	0.5079407363004614	0.0		most stable
PA14_46400	[]	PA1380	0.09727480121048868	9.919193235779734e-13		least stable
PA14_46420	[]	PA1379	0.08355205869174143	9.256679999665051e-10		least stable
PA14_46630	[]	PA1367	0.18656923888682625	4.0389423620115365e-43		least stable
PA14_47000	[]	PA1334	0.16861959450147068	1.9872026731749974e-35		least stable
PA14_47120	[]	PA1324	0.5021956820985548	0.0		most stable
PA14_47390	[]	PA1301	0.5113476404546028	0.0		most stable
PA14_47420	[]	PA1298	0.16863425913583618	1.9601581188516848e-35		least stable
PA14_47670	['KEGG-Pathway-pae00860: Porphyrin and chlorophyll metabolism', 'KEGG-Module-M00122: Cobalamin biosynthesis, cobinamide => cobalamin']	PA1279	0.5621799516179055	0.0	cobU	most stable
PA14_47690	['KEGG-Pathway-pae00860: Porphyrin and chlorophyll metabolism', 'KEGG-Module-M00122: Cobalamin biosynthesis, cobinamide => cobalamin']	PA1277	0.5065504781751443	0.0	cobQ	most stable
PA14_47720	['KEGG-Pathway-pae00860: Porphyrin and chlorophyll metabolism', 'KEGG-Module-M00122: Cobalamin biosynthesis, cobinamide => cobalamin']	PA1276	0.505406788948044	0.0	cobC	most stable
PA14_47970	[]	PA1255	0.15075654611023515	1.4058557282153904e-28	lhpK	least stable
PA14_48000	['KEGG-Pathway-pae00300: Lysine biosynthesis', 'KEGG-Module-M00016: Lysine biosynthesis, succinyl-DAP pathway, aspartate => lysine']	PA1254	0.16172584715767013	1.0864604412005946e-32	lhpC	least stable
PA14_48150	[]	PA1244	0.15778202025189558	3.5384733608209448e-31		least stable
PA14_48200	[]	PA1240	0.16927290780930918	1.0779431224345523e-35		least stable
PA14_48650	[]	PA1210	0.13490266455331107	3.685980865022832e-23		least stable
PA14_48770	[]	PA1201	0.18219440916431556	3.602778569107285e-41		least stable
PA14_48840	[]	PA1195	0.15694247126242922	7.342696663186318e-31	ddaH	least stable
PA14_48880	[]	PA0728	0.13854018472761906	2.3860299162294257e-24		least stable
PA14_48960	[]	PA0721	0.09123699639078896	2.2771510552512888e-11		least stable
PA14_48980	[]	PA0719	0.17778492292264028	2.971412664123347e-39		least stable
PA14_49130	[]	PA1183	0.1967720699271728	7.348477279787852e-48	dctA	least stable
PA14_49500	[]	PA1153	0.04907652424963987	0.00032861023224935567		least stable
PA14_49610	[]	PA1144	0.1631161789330823	3.1149085350625356e-33		least stable
PA14_49840	['KEGG-Pathway-pae00230: Purine metabolism']	PA1124	0.5170872127514263	0.0	dgt	most stable
PA14_50520	['KEGG-Module-M00237: Branched-chain amino acid transport system']	PA1074	0.5152587611550861	0.0	braC	most stable
PA14_50530	['KEGG-Module-M00237: Branched-chain amino acid transport system']	PA1073	0.5202091593588656	0.0	braD	most stable
PA14_50540	['KEGG-Module-M00237: Branched-chain amino acid transport system']	PA1072	0.545571866834666	0.0	braE	most stable
PA14_50570	[]	PA1069	0.5043254432818621	0.0		most stable
PA14_51040	[]	PA1028	0.1649167746975388	6.075547374126847e-34	amaA	least stable
PA14_51050	['KEGG-Pathway-pae00071: Fatty acid degradation', 'KEGG-Pathway-pae00903: Limonene and pinene degradation', 'KEGG-Pathway-pae00380: Tryptophan metabolism', 'KEGG-Pathway-pae00040: Pentose and glucuronate interconversions', 'KEGG-Pathway-pae00561: Glycerolipid metabolism', 'KEGG-Pathway-pae00280: Valine, leucine and isoleucine degradation', 'KEGG-Pathway-pae00330: Arginine and proline metabolism', 'KEGG-Pathway-pae00620: Pyruvate metabolism', 'KEGG-Pathway-pae00625: Chloroalkane and chloroalkene degradation', 'KEGG-Pathway-pae00340: Histidine metabolism', 'KEGG-Pathway-pae00310: Lysine degradation', 'KEGG-Pathway-pae00410: beta-Alanine metabolism', 'KEGG-Pathway-pae00010: Glycolysis / Gluconeogenesis']	PA1027	0.1921252623832294	1.1439314411191762e-45	amaB	least stable
PA14_51060	[]	PA1026	0.18291318274902268	1.7360462016580103e-41		least stable
PA14_51205	[]	PA1015	0.1917657167673366	1.681471934300473e-45		least stable
PA14_51260	[]	PA1011	0.5050373043667713	0.0		most stable
PA14_51630	[]	PA0978	0.11329025820832846	9.342667645704878e-17		least stable
PA14_51860	[]	PA0959	0.5143984208604734	0.0		most stable
PA14_51900	['KEGG-Pathway-pae00970: Aminoacyl-tRNA biosynthesis', 'KEGG-Module-M00360: Aminoacyl-tRNA biosynthesis, prokaryotes']	PA0956	0.5808368509118388	0.0	proS	most stable
PA14_51910	[]	PA0955	0.5630099004141063	0.0		most stable
PA14_52040	['KEGG-Pathway-pae00230: Purine metabolism', 'KEGG-Module-M00048: Inosine monophosphate biosynthesis, PRPP + glutamine => IMP']	PA0945	0.5618315332877616	0.0	purM	most stable
PA14_52210	['KEGG-Pathway-pae00270: Cysteine and methionine metabolism', 'KEGG-Pathway-pae00920: Sulfur metabolism', 'KEGG-Module-M00021: Cysteine biosynthesis, serine => cysteine']	PA0932	0.5011238166914636	0.0	cysM	most stable
PA14_52380	[]	PA0918	0.1857308761870096	9.634375265300686e-43		least stable
PA14_52600	['KEGG-Pathway-pae00970: Aminoacyl-tRNA biosynthesis', 'KEGG-Module-M00360: Aminoacyl-tRNA biosynthesis, prokaryotes']	PA0903	0.5054904707022474	0.0	alaS	most stable
PA14_52820	[]	PA0885	0.17688984857706966	7.176461127187448e-39		least stable
PA14_52870	['KEGG-Pathway-pae00660: C5-Branched dibasic acid metabolism']	PA0882	0.145573305710131	9.712263618942156e-27		least stable
PA14_52910	['KEGG-Pathway-pae00660: C5-Branched dibasic acid metabolism']	PA0878	0.15201949108664764	4.894609799884378e-29		least stable
PA14_53090	[]	PA0864	0.08883170389545893	7.512676042380408e-11		least stable
PA14_53270	[]	PA0850	0.19105435221039588	3.5949209397092247e-45		least stable
PA14_53470	['KEGG-Pathway-pae00620: Pyruvate metabolism', 'KEGG-Pathway-pae00430: Taurine and hypotaurine metabolism', 'KEGG-Pathway-pae00680: Methane metabolism', 'KEGG-Pathway-pae00640: Propanoate metabolism']	PA0836	0.5639530763102871	0.0	ackA	most stable
PA14_53480	['KEGG-Pathway-pae00620: Pyruvate metabolism', 'KEGG-Pathway-pae00430: Taurine and hypotaurine metabolism', 'KEGG-Pathway-pae00680: Methane metabolism', 'KEGG-Pathway-pae00640: Propanoate metabolism']	PA0835	0.5001408438545835	0.0	pta	most stable
PA14_53630	[]	PA0825	0.14797556891074987	1.3901318824551588e-27		least stable
PA14_53670	[]	PA0820	0.11790579806553853	4.978540105394994e-18		least stable
PA14_53830	[]	PA0806	0.15470051115399105	5.0571660412347885e-30		least stable
PA14_54330	[]	PA0770	0.5061503048518997	0.0	rnc	most stable
PA14_54410	[]	PA0764	0.5162085012066746	0.0	mucB	most stable
PA14_54430	[]	PA0762	0.5798447559503715	0.0	algU	most stable
PA14_54700	[]	PA0740	0.12712012233708492	1.0052037239915532e-20	sdsA1	least stable
PA14_55117	[]	PA0711	0.09183709150008444	1.6824819311013855e-11		least stable
PA14_55130	['KEGG-Pathway-pae00620: Pyruvate metabolism']	PA0710	0.05969963899859836	1.2404968011707323e-05	gloA2	least stable
PA14_55140	[]	PA0709	0.12265227735148128	2.1598435847280991e-19		least stable
PA14_55150	[]	PA0708	0.19711596360626715	5.031903473124697e-48		least stable
PA14_55520	['KEGG-Pathway-pae03070: Bacterial secretion system', 'KEGG-Module-M00331: Type II general secretion pathway']	PA0678	0.5089304006015332	0.0	hxcU	most stable
PA14_55570	[]	PA0673	0.17253222317913336	4.911774823128499e-37		least stable
PA14_55600	[]	PA0670	0.16447546386693587	9.084840432910232e-34		least stable
PA14_55610	[]	PA0669	0.13796975431591285	3.683372341062681e-24		least stable
PA14_55660	['KEGG-Pathway-pae03440: Homologous recombination']	PA4283	0.5606297601313351	0.0	recD	most stable
PA14_55670	['KEGG-Pathway-pae03440: Homologous recombination']	PA4284	0.5122037124719998	0.0	recB	most stable
PA14_55770	[]	PA4292	0.5415543230608137	0.0		most stable
PA14_55890	[]	PA4302	0.5059636973010758	0.0	tadA	most stable
PA14_55920	[]	PA4304	0.504705126641117	0.0	rcpA	most stable
PA14_55930	[]	PA4305	0.5186236882693364	0.0	rcpC	most stable
PA14_56090	[]	PA4317	0.5000390841033605	0.0		most stable
PA14_56100	[]	PA4318	0.5210400270061233	0.0		most stable
PA14_56110	[]	PA4319	0.5385889478907143	0.0		most stable
PA14_56130	[]	PA4320	0.5571252454881181	0.0		most stable
PA14_56140	[]	PA4321	0.5770924786798673	0.0		most stable
PA14_56220	[]	PA4328	0.5514295054404633	0.0		most stable
PA14_56540	[]	PA4348	0.544582753174323	0.0		most stable
PA14_56590	[]	PA4352	0.5507780856441159	0.0		most stable
PA14_56720	[]	PA4361	0.506433231978996	0.0		most stable
PA14_56890	['KEGG-Pathway-pae00312: beta-Lactam resistance', 'KEGG-Module-M00647: Multidrug resistance, efflux pump MexAB-OprM/SmeDEF/AcrAB-TolC']	PA4375	0.5262360921525969	0.0	mexW	most stable
PA14_57010	['KEGG-Pathway-pae03018: RNA degradation']	PA4385	0.5186085659287893	0.0	groEL	most stable
PA14_57300	[]	PA4409	0.5197830973975129	0.0	ftsQ	most stable
PA14_57330	['KEGG-Pathway-pae00471: D-Glutamine and D-glutamate metabolism', 'KEGG-Pathway-pae00550: Peptidoglycan biosynthesis']	PA4411	0.5246518272779421	0.0	murC	most stable
PA14_57370	['KEGG-Pathway-pae00471: D-Glutamine and D-glutamate metabolism', 'KEGG-Pathway-pae00550: Peptidoglycan biosynthesis']	PA4414	0.5233762730344265	0.0	murD	most stable
PA14_57380	['KEGG-Pathway-pae00550: Peptidoglycan biosynthesis']	PA4415	0.5223565110612115	0.0	mraY	most stable
PA14_57390	['KEGG-Pathway-pae00550: Peptidoglycan biosynthesis', 'KEGG-Pathway-pae00300: Lysine biosynthesis']	PA4416	0.5148360324385796	0.0	murF	most stable
PA14_57460	[]	PA4421	0.5054128348464542	0.0		most stable
PA14_57480	[]	PA4423	0.5429939262459248	0.0		most stable
PA14_57540	['KEGG-Pathway-pae00190: Oxidative phosphorylation']	PA4429	0.5215994351613402	0.0		most stable
PA14_57560	['KEGG-Pathway-pae00190: Oxidative phosphorylation']	PA4430	0.5168274685714206	0.0		most stable
PA14_57580	['KEGG-Pathway-pae03010: Ribosome', 'KEGG-Module-M00178: Ribosome, bacteria']	PA4432	0.5734379487052126	0.0	rpsI	most stable
PA14_57590	['KEGG-Pathway-pae03010: Ribosome', 'KEGG-Module-M00178: Ribosome, bacteria']	PA4433	0.6142996996581424	0.0	rplM	most stable
PA14_57810	['KEGG-Pathway-pae00520: Amino sugar and nucleotide sugar metabolism', 'KEGG-Pathway-pae00550: Peptidoglycan biosynthesis']	PA4450	0.5054458524038297	0.0	murA	most stable
PA14_57970	[]	PA4465	0.5280084504823052	0.0		most stable
PA14_58010	[]	PA4469	0.5033098744677076	0.0		most stable
PA14_58070	[]	PA4474	0.5114450620354121	0.0		most stable
PA14_58090	[]	PA4476	0.5456633846652174	0.0		most stable
PA14_58150	[]	PA4481	0.5047437786485575	0.0	mreB	most stable
PA14_58180	['KEGG-Pathway-pae00970: Aminoacyl-tRNA biosynthesis']	PA4483	0.5614400066192939	0.0	gatA	most stable
PA14_58190	['KEGG-Pathway-pae00970: Aminoacyl-tRNA biosynthesis']	PA4484	0.5951196920608167	0.0	gatB	most stable
PA14_58230	[]	PA4487	0.5506631408640452	0.0	magF	most stable
PA14_58240	[]	PA4488	0.5273907539500141	0.0	magE	most stable
PA14_58250	[]	PA4489	0.6118182304598414	0.0	magD	most stable
PA14_58270	[]	PA4491	0.5642476544707561	0.0	magB	most stable
PA14_58500	[]	PA4507	0.18356873209474212	8.896583479686682e-42		least stable
PA14_58510	[]	PA4508	0.1828172960766897	1.913976580013041e-41		least stable
PA14_58620	[]	PA4518	0.1569482533985996	7.305973070487346e-31		least stable
PA14_58800	[]	PA4531	0.16770382026723804	4.6644532181741243e-35		least stable
PA14_58930	[]	PA2226	0.1479330772271812	1.4391726392962023e-27	qsrO	least stable
PA14_59620	[]	PA2222	0.07690381051383438	1.7698918180741256e-08		least stable
PA14_59960	[]	PA0982	0.13593589174779422	1.7066030456816123e-23		least stable
PA14_60070	[]	PA1939	0.1921580133441155	1.1044472981351655e-45		least stable
PA14_60190	[]	PA4542	0.5027880684447171	0.0	clpB	most stable
PA14_60230	[]	PA4545	0.5074121907862338	0.0	comL	most stable
PA14_60360	['KEGG-Pathway-pae03060: Protein export']	PA4559	0.50387434692718	0.0	lspA	most stable
PA14_60370	['KEGG-Pathway-pae00970: Aminoacyl-tRNA biosynthesis', 'KEGG-Module-M00360: Aminoacyl-tRNA biosynthesis, prokaryotes']	PA4560	0.5924970713679727	0.0	ileS	most stable
PA14_60400	['KEGG-Pathway-pae03010: Ribosome', 'KEGG-Module-M00178: Ribosome, bacteria']	PA4563	0.5288020846051626	0.0	rpsT	most stable
PA14_60445	[]	PA4566	0.5022097076513101	0.0	obg	most stable
PA14_60460	['KEGG-Pathway-pae03010: Ribosome', 'KEGG-Module-M00178: Ribosome, bacteria']	PA4568	0.5001281473738995	0.0	rplU	most stable
PA14_60570	[]	PA4578	0.526289915888476	0.0		most stable
PA14_60590	[]	PA4580	0.13920259855912595	1.4378127283568856e-24		least stable
PA14_60690	[]	PA4586	0.10760630728035704	2.943406262192908e-15		least stable
PA14_60820	[]	PA4597	0.15737957814866693	5.023532644167942e-31	oprJ	least stable
PA14_60830	[]	PA4598	0.15699699590521213	7.003556043378946e-31	mexD	least stable
PA14_60970	[]	PA4608	0.5109858061837399	0.0		most stable
PA14_61700	[]	PA4665	0.5189672487906692	0.0	prfA	most stable
PA14_61720	[]	PA4667	0.5078023761474547	0.0		most stable
PA14_61770	['KEGG-Pathway-pae00230: Purine metabolism', 'KEGG-Pathway-pae00030: Pentose phosphate pathway']	PA4670	0.5774766074279489	0.0	prs	most stable
PA14_61980	[]	PA4685	0.0654058755092302	1.676713054600947e-06		least stable
PA14_61990	[]	PA4686	0.5400331946181832	0.0		most stable
PA14_62230	[]	PA4701	0.5120360504630048	0.0		most stable
PA14_62400	[]	PA4715	0.19473959268428767	6.791107178281759e-47		least stable
PA14_62440	[]	PA4719	0.5619292288966782	0.0		most stable
PA14_62450	[]	PA4720	0.5171877311578154	0.0	trmA	most stable
PA14_62490	[]	PA4723	0.5149261196638765	0.0	dksA	most stable
PA14_62650	[]	PA4735	0.502247914844767	0.0		most stable
PA14_62710	['KEGG-Pathway-pae00230: Purine metabolism', 'KEGG-Pathway-pae03018: RNA degradation', 'KEGG-Pathway-pae00240: Pyrimidine metabolism']	PA4740	0.5722538522046505	0.0	pnp	most stable
PA14_62730	[]	PA4742	0.5111717426898934	0.0	truB	most stable
PA14_62760	[]	PA4744	0.6032877889237273	0.0	infB	most stable
PA14_62770	[]	PA4745	0.6305867686626683	0.0	nusA	most stable
PA14_62780	[]	PA4746	0.5767740990106017	0.0		most stable
PA14_62830	['KEGG-Pathway-pae00562: Inositol phosphate metabolism', 'KEGG-Pathway-pae00051: Fructose and mannose metabolism', 'KEGG-Pathway-pae00010: Glycolysis / Gluconeogenesis', 'KEGG-Module-M00002: Glycolysis, core module involving three-carbon compounds']	PA4748	0.5378758330527545	0.0	tpiA	most stable
PA14_62840	['KEGG-Pathway-pae00520: Amino sugar and nucleotide sugar metabolism']	PA4749	0.5080194177827773	0.0	glmM	most stable
PA14_62850	['KEGG-Pathway-pae00790: Folate biosynthesis', 'KEGG-Module-M00126: Tetrahydrofolate biosynthesis, GTP => THF']	PA4750	0.5557893126323722	0.0	folP	most stable
PA14_62860	[]	PA4751	0.5128680465012609	0.0	ftsH	most stable
PA14_62910	['KEGG-Pathway-pae00240: Pyrimidine metabolism', 'KEGG-Pathway-pae00250: Alanine, aspartate and glutamate metabolism']	PA4756	0.5351761526867674	0.0	carB	most stable
PA14_63190	[]	PA4779	0.16316124912372734	2.99072196713676e-33		least stable
PA14_63390	[]	PA4799	0.1945255620884385	8.5706602198171e-47		least stable
PA14_64170	[]	PA4851	0.5102205761307461	0.0		most stable
PA14_64180	[]	PA4852	0.5373251645557491	0.0		most stable
PA14_64200	['KEGG-Pathway-pae00670: One carbon pool by folate', 'KEGG-Pathway-pae00230: Purine metabolism', 'KEGG-Module-M00048: Inosine monophosphate biosynthesis, PRPP + glutamine => IMP']	PA4854	0.5457783880887435	0.0	purH	most stable
PA14_64230	[]	PA4856	0.5667744994105923	0.0	retS	most stable
PA14_64270	['KEGG-Module-M00323: Urea transport system']	PA4858	0.5315407764511053	0.0		most stable
PA14_64280	['KEGG-Module-M00323: Urea transport system']	PA4859	0.5046128873655081	0.0		most stable
PA14_65000	[]	PA4922	0.5365632174437369	0.0	azu	most stable
PA14_65040	[]	PA4925	0.5256416534104246	0.0		most stable
PA14_65170	['KEGG-Pathway-pae03010: Ribosome', 'KEGG-Module-M00178: Ribosome, bacteria']	PA4934	0.508263419673363	0.0	rpsR	most stable
PA14_65180	['KEGG-Pathway-pae03010: Ribosome', 'KEGG-Module-M00178: Ribosome, bacteria']	PA4935	0.5989654379887417	0.0	rpsF	most stable
PA14_65200	['KEGG-Pathway-pae03018: RNA degradation']	PA4937	0.5831621586790463	0.0	rnr	most stable
PA14_65280	[]	PA4942	0.5223085295368078	0.0	hflK	most stable
PA14_65350	['KEGG-Pathway-pae03430: Mismatch repair']	PA4946	0.5878245252677838	0.0	mutL	most stable
PA14_65410	[]	PA4951	0.08963698957683616	5.0551939596518046e-11	orn	least stable
PA14_65630	[]	PA4965	0.5048585727612633	0.0		most stable
PA14_65640	[]	PA4966	0.5578067955310622	0.0		most stable
PA14_65660	[]	PA4967	0.5499208576821949	0.0	parE	most stable
PA14_65740	['KEGG-Pathway-pae00730: Thiamine metabolism']	PA4973	0.13978819574819076	9.169500557194982e-25	thiC	least stable
PA14_65990	[]	PA4990	0.19037175851428206	7.43213562254044e-45		least stable
PA14_66080	[]	PA4997	0.5149446998754237	0.0	msbA	most stable
PA14_66160	[]	PA5004	0.5515609033692329	0.0	wapH	most stable
PA14_66210	[]	PA5008	0.5156603455444692	0.0	wapP	most stable
PA14_66400	[]	PA5022	0.5949949044830751	0.0		most stable
PA14_66440	['KEGG-Pathway-pae00270: Cysteine and methionine metabolism']	PA5025	0.5198240446665318	0.0	metY	most stable
PA14_66460	[]	PA5027	0.534951306108823	0.0		most stable
PA14_66690	[]	PA5047	0.5370485965458685	0.0		most stable
PA14_66900	['KEGG-Pathway-pae00130: Ubiquinone and other terpenoid-quinone biosynthesis']	PA5063	0.5103407342902951	0.0	ubiE	most stable
PA14_66920	['KEGG-Pathway-pae00130: Ubiquinone and other terpenoid-quinone biosynthesis']	PA5065	0.5538757508525785	0.0	ubiB	most stable
PA14_66980	['KEGG-Pathway-pae03070: Bacterial secretion system', 'KEGG-Pathway-pae03060: Protein export']	PA5070	0.5348001771513096	0.0	tatC	most stable
PA14_67065	[]	PA5077	0.6127840154712062	0.0	opgH	most stable
PA14_67090	[]	PA5078	0.5263118993258927	0.0	opgG	most stable
PA14_67130	['KEGG-Module-M00230: Glutamate/aspartate transport system']	PA5082	0.16028371424458332	3.9236981465717455e-32	dguC	least stable
PA14_67140	[]	PA5083	0.09100765313401217	2.5550750924466922e-11	dguB	least stable
PA14_67150	['KEGG-Pathway-pae00360: Phenylalanine metabolism']	PA5084	0.1424040512076974	1.2007508014588764e-25	dguA	least stable
PA14_67520	[]	PA5113	0.582429659974854	0.0		most stable
PA14_67530	[]	PA5114	0.597387175124612	0.0		most stable
PA14_67560	[]	PA5117	0.5534218861128282	0.0	typA	most stable
PA14_67580	['KEGG-Pathway-pae04122: Sulfur relay system', 'KEGG-Pathway-pae00730: Thiamine metabolism']	PA5118	0.5631567012143832	0.0	thiI	most stable
PA14_67830	[]	PA5136	0.5101871294718271	0.0		most stable
PA14_68080	['KEGG-Module-M00236: Putative polar amino acid transport system']	PA5154	0.5046968106517601	0.0		most stable
PA14_68300	[]	PA5170	0.5353328356677176	0.0	arcD	most stable
PA14_68400	[]	PA5178	0.5276502804483761	0.0		most stable
PA14_68840	[]	PA5212	0.5226367007450589	0.0		most stable
PA14_69000	[]	PA5224	0.5152742608652761	0.0	pepP	most stable
PA14_69020	[]	PA5226	0.5112745280780617	0.0		most stable
PA14_69070	[]	PA5231	0.5007167062337741	0.0		most stable
PA14_69190	['KEGG-Pathway-pae03018: RNA degradation']	PA5239	0.5431413655515088	0.0	rho	most stable
PA14_69250	[]	PA5244	0.504642279699641	0.0		most stable
PA14_69420	[]	PA5257	0.5208873411217884	0.0		most stable
PA14_69470	[]	PA5261	0.585434543833406	0.0	algR	most stable
PA14_69550	['KEGG-Pathway-pae03070: Bacterial secretion system', 'KEGG-Module-M00334: Type VI secretion system']	PA5266	0.14869016668160812	7.747695170563803e-28	vgrG6	least stable
PA14_69570	[]	PA5268	0.5616920883231361	0.0	corA	most stable
PA14_69580	[]	PA5269	0.19639932765014928	1.106908461008188e-47		least stable
PA14_69910	[]	PA5296	0.5086223620659088	0.0	rep	most stable
PA14_70200	[]	PA5317	0.5257326149148357	0.0	dppA5	most stable
PA14_70270	['KEGG-Pathway-pae00051: Fructose and mannose metabolism', 'KEGG-Pathway-pae00052: Galactose metabolism', 'KEGG-Pathway-pae00521: Streptomycin biosynthesis', 'KEGG-Pathway-pae00500: Starch and sucrose metabolism', 'KEGG-Pathway-pae00230: Purine metabolism', 'KEGG-Pathway-pae00030: Pentose phosphate pathway', 'KEGG-Pathway-pae00520: Amino sugar and nucleotide sugar metabolism', 'KEGG-Pathway-pae00010: Glycolysis / Gluconeogenesis']	PA5322	0.5193458295989608	0.0	algC	most stable
PA14_70280	['KEGG-Pathway-pae01210: 2-Oxocarboxylic acid metabolism', 'KEGG-Pathway-pae00330: Arginine and proline metabolism', 'KEGG-Module-M00028: Ornithine biosynthesis, glutamate => ornithine']	PA5323	0.5260545874817173	0.0	argB	most stable
PA14_70550	[]	PA5343	0.5428423332840089	0.0		most stable
PA14_70570	['KEGG-Pathway-pae03440: Homologous recombination']	PA5345	0.5070680564306453	0.0	recG	most stable
PA14_70580	[]	PA5346	0.5031741300510725	0.0	sadB	most stable
PA14_71100	[]	PA5383	0.06590373231643247	1.3967801715378548e-06		least stable
PA14_71630	['KEGG-Pathway-pae00071: Fatty acid degradation', 'KEGG-Pathway-pae00350: Tyrosine metabolism', 'KEGG-Pathway-pae00625: Chloroalkane and chloroalkene degradation', 'KEGG-Pathway-pae01220: Degradation of aromatic compounds', 'KEGG-Pathway-pae00010: Glycolysis / Gluconeogenesis']	PA5427	0.5028429052320943	0.0	adhA	most stable
PA14_71840	[]	PA5441	0.5595845456366381	0.0		most stable
PA14_72020	[]	PA5456	0.5216457357038781	0.0		most stable
PA14_72040	[]	PA5458	0.5000942667071028	0.0		most stable
PA14_72230	[]	PA5473	0.5741098825977772	0.0		most stable
PA14_72260	[]	PA5475	0.5597606120464245	0.0		most stable
PA14_72380	[]	PA5483	0.5596017262282112	0.0	algB	most stable
PA14_72390	[]	PA5484	0.5460641350138362	0.0	kinB	most stable
PA14_72420	[]	PA5487	0.5195033713462922	0.0		most stable
PA14_72490	['KEGG-Pathway-pae03440: Homologous recombination', 'KEGG-Pathway-pae00230: Purine metabolism', 'KEGG-Pathway-pae03410: Base excision repair', 'KEGG-Pathway-pae00240: Pyrimidine metabolism', 'KEGG-Pathway-pae03030: DNA replication', 'KEGG-Pathway-pae03420: Nucleotide excision repair']	PA5493	0.5126651337105814	0.0	polA	most stable
PA14_72510	['KEGG-Pathway-pae00260: Glycine, serine and threonine metabolism', 'KEGG-Module-M00018: Threonine biosynthesis, aspartate => homoserine => threonine']	PA5495	0.510275318224895	0.0	thrB	most stable
PA14_72960	[]	PA5530	0.1670291279354563	8.718844385231787e-35		least stable
PA14_72970	[]	PA5531	0.5159360150559797	0.0	tonB1	most stable
PA14_73020	[]	PA5536	0.5044142229598454	0.0	dksA2	most stable
PA14_73110	[]	PA5544	0.5233828291680879	0.0		most stable
PA14_73240	['KEGG-Pathway-pae00190: Oxidative phosphorylation', 'KEGG-Module-M00157: F-type ATPase, prokaryotes and chloroplasts']	PA5554	0.560945429573057	0.0	atpD	most stable
PA14_73250	['KEGG-Pathway-pae00190: Oxidative phosphorylation', 'KEGG-Module-M00157: F-type ATPase, prokaryotes and chloroplasts']	PA5555	0.540052212464989	0.0	atpG	most stable
PA14_73260	['KEGG-Pathway-pae00190: Oxidative phosphorylation', 'KEGG-Module-M00157: F-type ATPase, prokaryotes and chloroplasts']	PA5556	0.5468135330256529	0.0	atpA	most stable
PA14_73280	['KEGG-Pathway-pae00190: Oxidative phosphorylation', 'KEGG-Module-M00157: F-type ATPase, prokaryotes and chloroplasts']	PA5557	0.5531169313891207	0.0	atpH	most stable
PA14_73300	['KEGG-Pathway-pae00190: Oxidative phosphorylation', 'KEGG-Module-M00157: F-type ATPase, prokaryotes and chloroplasts']	PA5559	0.5547154638765299	0.0	atpE	most stable
PA14_73310	['KEGG-Pathway-pae00190: Oxidative phosphorylation', 'KEGG-Module-M00157: F-type ATPase, prokaryotes and chloroplasts']	PA5560	0.5312414808288745	0.0	atpB	most stable
PA14_73320	[]	PA5561	0.5244370497905003	0.0	atpI	most stable
PA14_73410	['KEGG-Pathway-pae03070: Bacterial secretion system', 'KEGG-Pathway-pae03060: Protein export', 'KEGG-Module-M00335: Sec (secretion) system']	PA5568	0.5399908527235292	0.0		most stable
