BioProject_ID,SRA_ID,Strain,Genotype,Abx_Marker,Variant_Phenotype,Medium,,
https://www.ncbi.nlm.nih.gov/bioproject/?term=PRJNA576508,NA,PA14,NA,NA,NA,Host ,Mouse Wound Model,Host
https://www.ncbi.nlm.nih.gov/bioproject/?term=PRJNA576508,NA,PAO1,NA,NA,NA,Host ,Airway Epithelial Cells,Host
https://www.ncbi.nlm.nih.gov/bioproject/?term=PRJNA667949,NA,PAO1,NA,NA,NA,Other,12,12 samples in CAM medium (LB was only for WGS)
https://www.ncbi.nlm.nih.gov/bioproject/?term=PRJNA613827,NA,PAO1,NA,NA,NA,LB,3,3 in LB 3 in blood
https://www.ncbi.nlm.nih.gov/bioproject/?term=PRJNA613827,NA,PAO1,NA,NA,NA,Blood ,,3 in LB 3 in blood
https://www.ncbi.nlm.nih.gov/bioproject/PRJNA231042/,NA,PAO1,NA,NA,NA,MOPS succinate,,4 host 2 MOPS succinate; LB only for Tn-Seq…not included
https://www.ncbi.nlm.nih.gov/bioproject/PRJNA231042/,NA,PAO1,NA,NA,NA,Host ,,4 host 2 MOPS succinate; LB only for Tn-Seq…not included
https://www.ncbi.nlm.nih.gov/bioproject/?term=PRJNA489391,NA,PA14,NA,NA,NA,LB,4,"4 in LB; 4 in host (urine from human and mouse, bladder)"
https://www.ncbi.nlm.nih.gov/bioproject/?term=PRJNA489391,NA,PA14,NA,NA,NA,Mouse bladder,,"4 in LB; 4 in host (urine from human and mouse, bladder)"
https://www.ncbi.nlm.nih.gov/bioproject/?term=PRJNA343201,NA,PAO1,NA,NA,NA,Pseudomonas Isolation Agar,,4 PIA 9 host
https://www.ncbi.nlm.nih.gov/bioproject/?term=PRJNA343201,NA,PAO1,NA,NA,NA,Mouse Lung Tissue,,4 PIA 9 host
https://www.ncbi.nlm.nih.gov/bioproject/?term=PRJNA169508,NA,PAO1,NA,NA,NA,LB,3,"3LB, 3 SCFM"
https://www.ncbi.nlm.nih.gov/bioproject/?term=PRJNA169508,NA,PAO1,NA,NA,NA,SCFM,3,"3LB, 3 SCFM"
https://www.ncbi.nlm.nih.gov/bioproject/?term=PRJNA293013,NA,PAO1,NA,NA,NA,Other,,
https://www.ncbi.nlm.nih.gov/bioproject/PRJNA243992/,NA,PA30,NA,NA,NA,BHI,,
https://www.ncbi.nlm.nih.gov/bioproject/PRJNA243993/,NA,PA49,NA,NA,NA,BHI,,
https://www.ncbi.nlm.nih.gov/bioproject/?term=PRJEB23633,NA,PAO1,ersA^ (sRNA),NA,NA,BHI ,,
https://www.ncbi.nlm.nih.gov/bioproject/?term=PRJNA287707,NA,PA14,NA,NA,NA,Blood ,,
https://www.ncbi.nlm.nih.gov/bioproject/?term=PRJNA436010,NA,PA14,NA,NA,NA,Blood ,,
BioProject: https://www.ncbi.nlm.nih.gov/bioproject/PRJNA701395,SRA: https://www.ncbi.nlm.nih.gov/sra?term=SRP305816,PA14,NA,NA,NA,BM2,,
BioProject: https://www.ncbi.nlm.nih.gov/bioproject/PRJNA635354,SRA: https://www.ncbi.nlm.nih.gov/sra?term=SRP264930,PA14,NA,NA,NA,BM2,,
BioProject: https://www.ncbi.nlm.nih.gov/bioproject/PRJNA607691,SRA: https://www.ncbi.nlm.nih.gov/sra?term=SRP250093,PA14,"dntrC, dntrB",NA,Knockout,BM2,,
BioProject: https://www.ncbi.nlm.nih.gov/bioproject/PRJNA566190,SRA: https://www.ncbi.nlm.nih.gov/sra?term=SRP222362,PA14,NA,Tobramycin,NA,BM2,,
BioProject: https://www.ncbi.nlm.nih.gov/bioproject/PRJNA748422,SRA: https://www.ncbi.nlm.nih.gov/sra?term=SRP329149,CMC-097 / 115,NA,NA,NA,LB,,
BioProject: https://www.ncbi.nlm.nih.gov/bioproject/PRJNA731167,SRA: https://www.ncbi.nlm.nih.gov/sra?term=SRP320536,PA14,NA,NA,NA,LB,,
BioProject: https://www.ncbi.nlm.nih.gov/bioproject/PRJNA742417,SRA: https://www.ncbi.nlm.nih.gov/sra?term=SRP326148,PAO1,PA2504 deletant strain,NA,Knockout,LB,,
BioProject: https://www.ncbi.nlm.nih.gov/bioproject/PRJNA685596,SRA: https://www.ncbi.nlm.nih.gov/sra?term=SRP298003,PAO1,BsrA overproducer (BsrA),NA,Overproducer,LB,,
BioProject: https://www.ncbi.nlm.nih.gov/bioproject/PRJNA686675,SRA: https://www.ncbi.nlm.nih.gov/sra?term=SRP298576,PAO1,PA3027 overproducer,NA,Overproducer,LB,,
BioProject: https://www.ncbi.nlm.nih.gov/bioproject/PRJNA714944,SRA: https://www.ncbi.nlm.nih.gov/sra?term=SRP310929,PAO1,"ŒîmexAB-oprM, ŒîmexCD-oprJ, ŒîmexEF-oprN, ŒîmexJKL, ŒîmexXY, ŒîtriABC",NA,Knockout,LB,,
"SubSeries of: GSE163235
 BioProject: https://www.ncbi.nlm.nih.gov/bioproject/PRJNA703381",SRA: https://www.ncbi.nlm.nih.gov/sra?term=SRP307241,PAO1,PA3458 overproducer (PA3458),NA,Overproducer,LB,,
BioProject: https://www.ncbi.nlm.nih.gov/bioproject/PRJNA685406,NA,PAO1,"BsrA overproducer (BsrA-F), BsrA overproducer (BsrA)",NA,Overproducer,LB,,
BioProject: https://www.ncbi.nlm.nih.gov/bioproject/PRJNA685406,NA,PAO1,PA3458 overproducer (PA3458),NA,Overproducer,LB,,
BioProject: https://www.ncbi.nlm.nih.gov/bioproject/PRJNA646382,SRA: https://www.ncbi.nlm.nih.gov/sra?term=SRP272018,PAO1,pPf4r complemented,NA,Other,LB,,
BioProject: https://www.ncbi.nlm.nih.gov/bioproject/PRJNA563341,SRA: https://www.ncbi.nlm.nih.gov/sra?term=SRP220359,Other Species,NA,NA,NA,LB,,
BioProject: https://www.ncbi.nlm.nih.gov/bioproject/PRJNA563341,SRA: https://www.ncbi.nlm.nih.gov/sra?term=SRP220359,PAO1,NA,NA,NA,LB,,
BioProject: https://www.ncbi.nlm.nih.gov/bioproject/PRJNA639519,NA,PAO1,delta-relA,NA,Knockout,LB,,
BioProject: https://www.ncbi.nlm.nih.gov/bioproject/PRJNA639519,NA,PAO1,"delta-alpA, PAO1 with early stop codon in alpA",NA,Knockout,LB,,
BioProject: https://www.ncbi.nlm.nih.gov/bioproject/PRJNA639523,SRA: https://www.ncbi.nlm.nih.gov/sra?term=SRP267376,PAO1,delta-relA,NA,Knockout,LB,,
BioProject: https://www.ncbi.nlm.nih.gov/bioproject/PRJNA639521,SRA: https://www.ncbi.nlm.nih.gov/sra?term=SRP267357,PAO1,"delta-alpA, PAO1 with early stop codon in alpA",NA,Knockout,LB,,
BioProject: https://www.ncbi.nlm.nih.gov/bioproject/PRJNA662513,SRA: https://www.ncbi.nlm.nih.gov/sra?term=SRP281840,PAO1,NA,NA,NA,LB,,
BioProject: https://www.ncbi.nlm.nih.gov/bioproject/PRJNA662513,SRA: https://www.ncbi.nlm.nih.gov/sra?term=SRP281840,PAO1,NA,NA,NA,LB,,
BioProject: https://www.ncbi.nlm.nih.gov/bioproject/PRJNA635398,SRA: https://www.ncbi.nlm.nih.gov/sra?term=SRP264977,PAO1,NA,NA,NA,LB,,
BioProject: https://www.ncbi.nlm.nih.gov/bioproject/PRJNA648174,NA,PAO1,"mvaU-vsvG, mvaT-vsvG, delta-pilY1, delta-pilY1 rpoD-vsvG, delta-mvaU delta-mvaT delta-pilY1, delta-mvaU delta-mvaT delta-pilY1 rpoD-vsvG",NA,Knockout,LB,,
BioProject: https://www.ncbi.nlm.nih.gov/bioproject/PRJNA648174,NA,PAO1,"delta-pilY1, delta-pilY1 delta-mvaU, delta-pilY1 delta-mvaU delta-mvaT, delta-pilY1 and epitope-tagged rpoD-vsvG, delta-pilY1 delta-mvaU delta-mvaT and epitope-tagged rpoD-vsvG",NA,Knockout,LB,,
BioProject: https://www.ncbi.nlm.nih.gov/bioproject/PRJNA648195,SRA: https://www.ncbi.nlm.nih.gov/sra?term=SRP273352,PAO1,"delta-pilY1, delta-pilY1 delta-mvaU, delta-pilY1 delta-mvaU delta-mvaT, delta-pilY1 and epitope-tagged rpoD-vsvG, delta-pilY1 delta-mvaU delta-mvaT and epitope-tagged rpoD-vsvG",NA,Knockout,LB,,
BioProject: https://www.ncbi.nlm.nih.gov/bioproject/PRJNA668371,SRA: https://www.ncbi.nlm.nih.gov/sra?term=SRP286915,PAO1,NA,NA,NA,LB,,
BioProject: https://www.ncbi.nlm.nih.gov/bioproject/PRJNA685418,SRA: https://www.ncbi.nlm.nih.gov/sra?term=SRP298021,PAO1,NA,NA,NA,LB,,
BioProject: https://www.ncbi.nlm.nih.gov/bioproject/PRJNA681237,SRA: https://www.ncbi.nlm.nih.gov/sra?term=SRP294562,PAO1,NA,NA,NA,LB,,
BioProject: https://www.ncbi.nlm.nih.gov/bioproject/PRJNA681237,SRA: https://www.ncbi.nlm.nih.gov/sra?term=SRP294562,PAO1,NA,NA,NA,LB,,
BioProject: https://www.ncbi.nlm.nih.gov/bioproject/PRJNA612338,SRA: https://www.ncbi.nlm.nih.gov/sra?term=SRP252624,PA14,NA,NA,NA,LB,,
BioProject: https://www.ncbi.nlm.nih.gov/bioproject/PRJNA641380,SRA: https://www.ncbi.nlm.nih.gov/sra?term=SRP268471,PAO1,NA,NA,NA,LB,,
BioProject: https://www.ncbi.nlm.nih.gov/bioproject/PRJNA641380,SRA: https://www.ncbi.nlm.nih.gov/sra?term=SRP268471,PAO1,NA,NA,NA,LB,,
BioProject: https://www.ncbi.nlm.nih.gov/bioproject/PRJNA511884,SRA: https://www.ncbi.nlm.nih.gov/sra?term=SRP174492,PA14,delta-rclR,NA,Knockout,LB,,
BioProject: https://www.ncbi.nlm.nih.gov/bioproject/PRJNA649983,NA,PAO1,"PA0535 mutant, PA1359 mutant, PA1884 mutant, PA2312 mutant, PA4499 mutant, PA4987 mutant, PA5301 mutant",NA,Knockout,LB,,
BioProject: https://www.ncbi.nlm.nih.gov/bioproject/PRJNA649981,SRA: https://www.ncbi.nlm.nih.gov/sra?term=SRP274667,PAO1,"PA0535 mutant, PA1359 mutant, PA1884 mutant, PA2312 mutant, PA4499 mutant, PA4987 mutant, PA5301 mutant",NA,Knockout,LB,,
BioProject: https://www.ncbi.nlm.nih.gov/bioproject/PRJNA530399,SRA: https://www.ncbi.nlm.nih.gov/sra?term=SRP190130,PA3,NA,NA,NA,LB,,
BioProject: https://www.ncbi.nlm.nih.gov/bioproject/PRJNA594638,SRA: https://www.ncbi.nlm.nih.gov/sra?term=SRP235563,Other Species,NA,NA,NA,LB,,
BioProject: https://www.ncbi.nlm.nih.gov/bioproject/PRJNA594638,SRA: https://www.ncbi.nlm.nih.gov/sra?term=SRP235563,PA14,"delta-fliC, delta-flgK, delta-motABCD",NA,Knockout,LB,,
BioProject: https://www.ncbi.nlm.nih.gov/bioproject/PRJNA659742,SRA: https://www.ncbi.nlm.nih.gov/sra?term=SRP279065,PA14,NA,NA,NA,LB,,
BioProject: https://www.ncbi.nlm.nih.gov/bioproject/PRJNA528935,SRA: https://www.ncbi.nlm.nih.gov/sra?term=SRP189356,PAO1,NA,NA,NA,LB,,
BioProject: https://www.ncbi.nlm.nih.gov/bioproject/PRJNA528935,SRA: https://www.ncbi.nlm.nih.gov/sra?term=SRP189356,PAO1,NA,NA,NA,LB,,
BioProject: https://www.ncbi.nlm.nih.gov/bioproject/PRJNA490563,SRA: https://www.ncbi.nlm.nih.gov/sra?term=SRP161626,PAO1,NA,NA,NA,LB,,
BioProject: https://www.ncbi.nlm.nih.gov/bioproject/PRJNA490563,SRA: https://www.ncbi.nlm.nih.gov/sra?term=SRP161626,Other Species,NA,NA,NA,LB,,
BioProject: https://www.ncbi.nlm.nih.gov/bioproject/PRJNA478032,NA,PA14,NA,Ciprofloxacin,NA,LB,,
BioProject: https://www.ncbi.nlm.nih.gov/bioproject/PRJNA534259,SRA: https://www.ncbi.nlm.nih.gov/sra?term=SRP193631,PAO1,NA,NA,NA,LB,,
BioProject: https://www.ncbi.nlm.nih.gov/bioproject/PRJNA534259,SRA: https://www.ncbi.nlm.nih.gov/sra?term=SRP193631,PAO1,NA,NA,NA,LB,,
BioProject: https://www.ncbi.nlm.nih.gov/bioproject/PRJNA628595,SRA: https://www.ncbi.nlm.nih.gov/sra?term=SRP258668,PA14,NA,NA,NA,LB,,
BioProject: https://www.ncbi.nlm.nih.gov/bioproject/PRJNA626445,SRA: https://www.ncbi.nlm.nih.gov/sra?term=SRP257374,PAO1,delta-clpV3,NA,Knockout,LB,,
BioProject: https://www.ncbi.nlm.nih.gov/bioproject/PRJNA575528,NA,PAO1,"RsmA-VSVG, Hfq-VSVG, Hfq-VSVG delta-rsmA delta-rsmF, RsmA-VSVG, RsmA-VSVG delta-hfq",NA,Knockout,LB,,
BioProject: https://www.ncbi.nlm.nih.gov/bioproject/PRJNA575528,NA,PAO1,"delta-rsmA delta-rsmF, delta-hfq gene",NA,Knockout,LB,,
BioProject: https://www.ncbi.nlm.nih.gov/bioproject/PRJNA597754,SRA: https://www.ncbi.nlm.nih.gov/sra?term=SRP238832,PAO1,,NA,NA,LB,,
BioProject: https://www.ncbi.nlm.nih.gov/bioproject/PRJNA554358,SRA: https://www.ncbi.nlm.nih.gov/sra?term=SRP214490,Clinical Isolates,NA,NA,NA,LB,,
BioProject: https://www.ncbi.nlm.nih.gov/bioproject/PRJNA554358,SRA: https://www.ncbi.nlm.nih.gov/sra?term=SRP214490,Clinical Isolates,NA,NA,NA,LB,,
BioProject: https://www.ncbi.nlm.nih.gov/bioproject/PRJNA597059,SRA: https://www.ncbi.nlm.nih.gov/sra?term=SRP238428,PA14,NA,NA,NA,LB,,
BioProject: https://www.ncbi.nlm.nih.gov/bioproject/PRJNA587410,SRA: https://www.ncbi.nlm.nih.gov/sra?term=SRP228531,AG1,NA,NA,NA,LB,,
BioProject: https://www.ncbi.nlm.nih.gov/bioproject/PRJNA565718,SRA: https://www.ncbi.nlm.nih.gov/sra?term=SRP221731,PAO1,NA,NA,NA,LB,,
BioProject: https://www.ncbi.nlm.nih.gov/bioproject/PRJNA561327,NA,PAO1,hfq::3xFLAG,NA,Other,LB,,
BioProject: https://www.ncbi.nlm.nih.gov/bioproject/PRJNA561332,SRA: https://www.ncbi.nlm.nih.gov/sra?term=SRP218985,PAO1,hfq::3xFLAG,NA,Other,LB,,
BioProject: https://www.ncbi.nlm.nih.gov/bioproject/PRJNA561330,SRA: https://www.ncbi.nlm.nih.gov/sra?term=SRP218984,PAO1,hfq::3xFLAG,NA,Other,LB,,
BioProject: https://www.ncbi.nlm.nih.gov/bioproject/PRJNA561292,SRA: https://www.ncbi.nlm.nih.gov/sra?term=SRP218964,PAO1,NA,NA,NA,LB,,
BioProject: https://www.ncbi.nlm.nih.gov/bioproject/PRJNA576918,SRA: https://www.ncbi.nlm.nih.gov/sra?term=SRP225111,PAO1,NA,NA,NA,LB,,
BioProject: https://www.ncbi.nlm.nih.gov/bioproject/PRJNA517074,SRA: https://www.ncbi.nlm.nih.gov/sra?term=SRP182027,PAO1,NA,NA,NA,LB,,
BioProject: https://www.ncbi.nlm.nih.gov/bioproject/PRJNA517074,SRA: https://www.ncbi.nlm.nih.gov/sra?term=SRP182027,PA14,NA,NA,NA,LB,,
BioProject: https://www.ncbi.nlm.nih.gov/bioproject/PRJNA531832,SRA: https://www.ncbi.nlm.nih.gov/sra?term=SRP191772,PAO1,delta-anvM,NA,Knockout,LB,,
BioProject: https://www.ncbi.nlm.nih.gov/bioproject/PRJNA556370,SRA: https://www.ncbi.nlm.nih.gov/sra?term=SRP216205,PA14,chromosomally encoded mRFP,NA,Other,LB,,
BioProject: https://www.ncbi.nlm.nih.gov/bioproject/PRJNA527727,SRA: https://www.ncbi.nlm.nih.gov/sra?term=SRP188684,PAO1,"delta-algR, delta-cdpR, delta-exsA, delta-fleQ, delta-gacA, delta-gbdR, delta-lasR, delta-pchR, delta-phoB, delta-rsaL, delta-sphR, delta-vqsR, delta-qscR, delta-vqsM",NA,Knockout,LB,,
BioProject: https://www.ncbi.nlm.nih.gov/bioproject/PRJNA506970,SRA: https://www.ncbi.nlm.nih.gov/sra?term=SRP170733,Clinical Isolates,NA,NA,NA,LB,,
BioProject: https://www.ncbi.nlm.nih.gov/bioproject/PRJNA391260,SRA: https://www.ncbi.nlm.nih.gov/sra?term=SRP109989,PAO1,NA,NA,NA,LB,,
BioProject: https://www.ncbi.nlm.nih.gov/bioproject/PRJNA322024,SRA: https://www.ncbi.nlm.nih.gov/sra?term=SRP075343,PAO1,"RpoN(WT), RpoN(DK2)",NA,Other,LB,,
BioProject: https://www.ncbi.nlm.nih.gov/bioproject/PRJNA322024,SRA: https://www.ncbi.nlm.nih.gov/sra?term=SRP075343,PAO1,"RpoN(WT), RpoN(DK2)",NA,Other,LB,,
BioProject: https://www.ncbi.nlm.nih.gov/bioproject/PRJNA509195,SRA: https://www.ncbi.nlm.nih.gov/sra?term=SRP173226,Clinical Isolates,NA,NA,NA,LB,,
BioProject: https://www.ncbi.nlm.nih.gov/bioproject/PRJNA523578,SRA: https://www.ncbi.nlm.nih.gov/sra?term=SRP186484,PA3,transformed with pHerdB20T-gp68,NA,Other,LB,,
BioProject: https://www.ncbi.nlm.nih.gov/bioproject/PRJNA438513,SRA: https://www.ncbi.nlm.nih.gov/sra?term=SRP135806,NA,NA,NA,NA,LB,,
BioProject: https://www.ncbi.nlm.nih.gov/bioproject/PRJNA525278,SRA: https://www.ncbi.nlm.nih.gov/sra?term=SRP187353,PAO1,PA4595,NA,NA,LB,,
BioProject: https://www.ncbi.nlm.nih.gov/bioproject/PRJNA238223,SRA: https://www.ncbi.nlm.nih.gov/sra?term=SRP037772,PA14,transposon mutant of pqsA; pqsA::Mar2xT7,NA,Transposon Mutant,LB,,
BioProject: https://www.ncbi.nlm.nih.gov/bioproject/PRJNA448429,SRA: https://www.ncbi.nlm.nih.gov/sra?term=SRP136942,PAK,"delta-pilA (PA4525), delta-pilR (PA4547)",NA,Knockout,LB,,
BioProject: https://www.ncbi.nlm.nih.gov/bioproject/PRJNA493733,SRA: https://www.ncbi.nlm.nih.gov/sra?term=SRP162817,PAO1,NA,NA,NA,LB,,
BioProject: https://www.ncbi.nlm.nih.gov/bioproject/PRJNA486815,SRA: https://www.ncbi.nlm.nih.gov/sra?term=SRP158426,PAO1,NA,NA,NA,LB,,
BioProject: https://www.ncbi.nlm.nih.gov/bioproject/PRJNA402082,SRA: https://www.ncbi.nlm.nih.gov/sra?term=SRP117105,PAO1,NA,NA,NA,LB,,
BioProject: https://www.ncbi.nlm.nih.gov/bioproject/PRJNA433727,SRA: https://www.ncbi.nlm.nih.gov/sra?term=SRP132626,PAO1,delta-rpoN,NA,Knockout,LB,,
BioProject: https://www.ncbi.nlm.nih.gov/bioproject/PRJNA368955,SRA: https://www.ncbi.nlm.nih.gov/sra?term=SRP097886,PAO1,Hexahistidine-tagged RsmN was expressed from plasmid pMR4,NA,Other,LB,,
BioProject: https://www.ncbi.nlm.nih.gov/bioproject/PRJNA445735,SRA: https://www.ncbi.nlm.nih.gov/sra?term=SRP136496,PAK,NA,NA,NA,LB,,
BioProject: https://www.ncbi.nlm.nih.gov/bioproject/PRJNA433924,NA,PAO1,NA,NA,NA,LB,,
BioProject: https://www.ncbi.nlm.nih.gov/bioproject/PRJNA433924,NA,PAO1,delta-rpoN,NA,Knockout,LB,,
BioProject: https://www.ncbi.nlm.nih.gov/bioproject/PRJNA430510,SRA: https://www.ncbi.nlm.nih.gov/sra?term=SRP131105,PAO1,NA,NA,NA,LB,,
BioProject: https://www.ncbi.nlm.nih.gov/bioproject/PRJNA430510,SRA: https://www.ncbi.nlm.nih.gov/sra?term=SRP131105,PAO1,NA,NA,NA,LB,,
BioProject: https://www.ncbi.nlm.nih.gov/bioproject/PRJNA389442,SRA: https://www.ncbi.nlm.nih.gov/sra?term=SRP108691,Clinical Isolates,NA,NA,NA,LB,,
BioProject: https://www.ncbi.nlm.nih.gov/bioproject/PRJNA340008,NA,PAK,NA,NA,NA,LB,,
BioProject: https://www.ncbi.nlm.nih.gov/bioproject/PRJNA340008,NA,Phage,NA,NA,NA,LB,,
BioProject: https://www.ncbi.nlm.nih.gov/bioproject/PRJNA326956,SRA: https://www.ncbi.nlm.nih.gov/sra?term=SRP077289,Clinical Isolates,NA,NA,NA,LB,,
BioProject: https://www.ncbi.nlm.nih.gov/bioproject/PRJNA307603,SRA: https://www.ncbi.nlm.nih.gov/sra?term=SRP068063,PAK,NA,NA,NA,LB,,
BioProject: https://www.ncbi.nlm.nih.gov/bioproject/PRJNA307603,SRA: https://www.ncbi.nlm.nih.gov/sra?term=SRP068063,Phage,NA,NA,NA,LB,,
BioProject: https://www.ncbi.nlm.nih.gov/bioproject/PRJNA318881,SRA: https://www.ncbi.nlm.nih.gov/sra?term=SRP073483,PA14,NA,NA,NA,LB,,
BioProject: https://www.ncbi.nlm.nih.gov/bioproject/PRJNA318881,SRA: https://www.ncbi.nlm.nih.gov/sra?term=SRP073483,PA14,NA,NA,NA,LB,,
BioProject: https://www.ncbi.nlm.nih.gov/bioproject/PRJNA291596,SRA: https://www.ncbi.nlm.nih.gov/sra?term=SRP061883,PA14,NA,NA,NA,LB,,
BioProject: https://www.ncbi.nlm.nih.gov/bioproject/PRJNA239334,SRA: https://www.ncbi.nlm.nih.gov/sra?term=SRP038922,PA14,RhlR transposon mutant,NA,Transposon Mutant,LB,,
BioProject: https://www.ncbi.nlm.nih.gov/bioproject/PRJNA239334,SRA: https://www.ncbi.nlm.nih.gov/sra?term=SRP038922,PA14,"LadS transposon mutant, RhlR transposon mutant, GacA transposon mutant, Anr transposon mutant, delta-LasR, FleQ transposon mutant, Cbrb transposon mutant",NA,Transposon Mutant,LB,,
BioProject: https://www.ncbi.nlm.nih.gov/bioproject/PRJNA312967,NA,PAO1,NA,NA,NA,LB,,
"BioProject: https://www.ncbi.nlm.nih.gov/bioproject/PRJNA303970
 SRA: https://www.ncbi.nlm.nih.gov/sra?term=SRP066606",SRA: https://www.ncbi.nlm.nih.gov/sra?term=SRP066606,AES-1R,NA,NA,NA,LB,,
BioProject: https://www.ncbi.nlm.nih.gov/bioproject/PRJNA267642,SRA: https://www.ncbi.nlm.nih.gov/sra?term=SRP049980,PAO1,NA,NA,NA,LB,,
BioProject: https://www.ncbi.nlm.nih.gov/bioproject/PRJNA273742,SRA: https://www.ncbi.nlm.nih.gov/sra?term=SRP052869,PAO1,NA,NA,NA,LB,,
BioProject: https://www.ncbi.nlm.nih.gov/bioproject/PRJNA273742,SRA: https://www.ncbi.nlm.nih.gov/sra?term=SRP052869,Other Species,NA,NA,NA,LB,,
BioProject: https://www.ncbi.nlm.nih.gov/bioproject/PRJNA283002,SRA: https://www.ncbi.nlm.nih.gov/sra?term=SRP057994,Clinical Isolates,NA,NA,NA,LB,,
BioProject: https://www.ncbi.nlm.nih.gov/bioproject/PRJNA283002,SRA: https://www.ncbi.nlm.nih.gov/sra?term=SRP057994,PAO1,NA,NA,NA,LB,,
BioProject: https://www.ncbi.nlm.nih.gov/bioproject/PRJNA276067,NA,PA14,"delta-sutA carrying pMQ72_HASutA, delta-sutA carrying pMQ72, delta-sutA, attTn7:Para_SutA",NA,Knockout,LB,,
BioProject: https://www.ncbi.nlm.nih.gov/bioproject/PRJNA276069,SRA: https://www.ncbi.nlm.nih.gov/sra?term=SRP055410,PA14,"delta-sutA, attTn7:Para_SutA",NA,Knockout,LB,,
BioProject: https://www.ncbi.nlm.nih.gov/bioproject/PRJNA252560,SRA: https://www.ncbi.nlm.nih.gov/sra?term=SRP043146,PAO1,NA,Ceftolozane-tazobactam,NA,LB,,
BioProject: https://www.ncbi.nlm.nih.gov/bioproject/PRJNA239877,SRA: https://www.ncbi.nlm.nih.gov/sra?term=SRP039358,PAO1,NA,NA,NA,LB,,
BioProject: https://www.ncbi.nlm.nih.gov/bioproject/PRJNA239877,SRA: https://www.ncbi.nlm.nih.gov/sra?term=SRP039358,Other Species,NA,NA,NA,LB,,
BioProject: https://www.ncbi.nlm.nih.gov/bioproject/PRJNA219396,SRA: https://www.ncbi.nlm.nih.gov/sra?term=SRP029979,PA14,NA,NA,NA,LB,,
BioProject: https://www.ncbi.nlm.nih.gov/bioproject/PRJNA219396,SRA: https://www.ncbi.nlm.nih.gov/sra?term=SRP029979,PA14,NA,NA,NA,LB,,
https://www.ncbi.nlm.nih.gov/bioproject/?term=PRJNA383797,NA,CLJ1,NA,NA,NA,LB,,
https://www.ncbi.nlm.nih.gov/bioproject/?term=PRJNA383798,NA,CJL3,NA,NA,NA,LB,,
https://www.ncbi.nlm.nih.gov/bioproject/PRJEB21307/,NA,PAO1,mexZ^,NA,NA,LB,,
https://www.ncbi.nlm.nih.gov/bioproject/PRJEB24688/,NA,Clinical Isolates,NA,NA,NA,LB,,
https://www.ncbi.nlm.nih.gov/bioproject/PRJNA300924/,NA,PAO1,"HapZ^, SagS^",NA,NA,LB,,
https://www.ncbi.nlm.nih.gov/bioproject/?term=PRJNA294484,NA,PA14,"PA14 4951, PA14 4674",NA,NA,LB,,
https://www.ncbi.nlm.nih.gov/bioproject/?term=PRJNA311263,NA,PAK,NA,NA,NA,LB,,
https://www.ncbi.nlm.nih.gov/bioproject/?term=PRJNA375803,NA,PA14,AtvR++,NA,NA,LB,,
https://www.ncbi.nlm.nih.gov/bioproject/?term=PRJNA479711,NA,Clinical Isolates,NA,NA,NA,LB,,
https://www.ncbi.nlm.nih.gov/bioproject/?term=PRJNA530741,NA,PAO1,NA,NA,NA,LB,,
https://www.ncbi.nlm.nih.gov/bioproject/?term=PRJNA503261,NA,PA14,NA,NA,NA,Other,,
BioProject: https://www.ncbi.nlm.nih.gov/bioproject/PRJNA751621,SRA: https://www.ncbi.nlm.nih.gov/sra?term=SRP330943,PAO1,NA,NA,NA,Minimal/Defined Media,M9 Media,
BioProject: https://www.ncbi.nlm.nih.gov/bioproject/PRJNA638918,SRA: https://www.ncbi.nlm.nih.gov/sra?term=SRP266954,Other Species,NA,NA,NA,Minimal/Defined Media,M9 Media,
BioProject: https://www.ncbi.nlm.nih.gov/bioproject/PRJNA638918,SRA: https://www.ncbi.nlm.nih.gov/sra?term=SRP266954,Other Species,NA,NA,NA,Minimal/Defined Media,M9 Media,
BioProject: https://www.ncbi.nlm.nih.gov/bioproject/PRJNA638918,SRA: https://www.ncbi.nlm.nih.gov/sra?term=SRP266954,Other Species,NA,NA,NA,Minimal/Defined Media,M9 Media,
BioProject: https://www.ncbi.nlm.nih.gov/bioproject/PRJNA638918,SRA: https://www.ncbi.nlm.nih.gov/sra?term=SRP266954,Other Species,NA,NA,NA,Minimal/Defined Media,M9 Media,
BioProject: https://www.ncbi.nlm.nih.gov/bioproject/PRJNA638918,SRA: https://www.ncbi.nlm.nih.gov/sra?term=SRP266954,Other Species,NA,NA,NA,Minimal/Defined Media,M9 Media,
BioProject: https://www.ncbi.nlm.nih.gov/bioproject/PRJNA638918,SRA: https://www.ncbi.nlm.nih.gov/sra?term=SRP266954,Other Species,NA,NA,NA,Minimal/Defined Media,M9 Media,
BioProject: https://www.ncbi.nlm.nih.gov/bioproject/PRJNA638918,SRA: https://www.ncbi.nlm.nih.gov/sra?term=SRP266954,Other Species,NA,NA,NA,Minimal/Defined Media,M9 Media,
BioProject: https://www.ncbi.nlm.nih.gov/bioproject/PRJNA638918,SRA: https://www.ncbi.nlm.nih.gov/sra?term=SRP266954,PAO1,NA,NA,NA,Minimal/Defined Media,M9 Media,
BioProject: https://www.ncbi.nlm.nih.gov/bioproject/PRJNA638918,SRA: https://www.ncbi.nlm.nih.gov/sra?term=SRP266954,Other Species,NA,NA,NA,Minimal/Defined Media,M9 Media,
BioProject: https://www.ncbi.nlm.nih.gov/bioproject/PRJNA638918,SRA: https://www.ncbi.nlm.nih.gov/sra?term=SRP266954,Other Species,NA,NA,NA,Minimal/Defined Media,M9 Media,
BioProject: https://www.ncbi.nlm.nih.gov/bioproject/PRJNA638918,SRA: https://www.ncbi.nlm.nih.gov/sra?term=SRP266954,Other Species,NA,NA,NA,Minimal/Defined Media,M9 Media,
BioProject: https://www.ncbi.nlm.nih.gov/bioproject/PRJNA638918,SRA: https://www.ncbi.nlm.nih.gov/sra?term=SRP266954,Other Species,NA,NA,NA,Minimal/Defined Media,M9 Media,
BioProject: https://www.ncbi.nlm.nih.gov/bioproject/PRJNA638918,SRA: https://www.ncbi.nlm.nih.gov/sra?term=SRP266954,Other Species,NA,NA,NA,Minimal/Defined Media,M9 Media,
BioProject: https://www.ncbi.nlm.nih.gov/bioproject/PRJNA638918,SRA: https://www.ncbi.nlm.nih.gov/sra?term=SRP266954,Other Species,NA,NA,NA,Minimal/Defined Media,M9 Media,
BioProject: https://www.ncbi.nlm.nih.gov/bioproject/PRJNA638918,SRA: https://www.ncbi.nlm.nih.gov/sra?term=SRP266954,Other Species,NA,NA,NA,Minimal/Defined Media,M9 Media,
BioProject: https://www.ncbi.nlm.nih.gov/bioproject/PRJNA638918,SRA: https://www.ncbi.nlm.nih.gov/sra?term=SRP266954,Other Species,NA,NA,NA,Minimal/Defined Media,M9 Media,
BioProject: https://www.ncbi.nlm.nih.gov/bioproject/PRJNA638918,SRA: https://www.ncbi.nlm.nih.gov/sra?term=SRP266954,Other Species,NA,NA,NA,Minimal/Defined Media,M9 Media,
BioProject: https://www.ncbi.nlm.nih.gov/bioproject/PRJNA638918,SRA: https://www.ncbi.nlm.nih.gov/sra?term=SRP266954,Other Species,NA,NA,NA,Minimal/Defined Media,M9 Media,
BioProject: https://www.ncbi.nlm.nih.gov/bioproject/PRJNA638918,SRA: https://www.ncbi.nlm.nih.gov/sra?term=SRP266954,Other Species,NA,NA,NA,Minimal/Defined Media,M9 Media,
BioProject: https://www.ncbi.nlm.nih.gov/bioproject/PRJNA638918,SRA: https://www.ncbi.nlm.nih.gov/sra?term=SRP266954,Other Species,NA,NA,NA,Minimal/Defined Media,M9 Media,
BioProject: https://www.ncbi.nlm.nih.gov/bioproject/PRJNA638918,SRA: https://www.ncbi.nlm.nih.gov/sra?term=SRP266954,Other Species,NA,NA,NA,Minimal/Defined Media,M9 Media,
BioProject: https://www.ncbi.nlm.nih.gov/bioproject/PRJNA638918,SRA: https://www.ncbi.nlm.nih.gov/sra?term=SRP266954,Other Species,NA,NA,NA,Minimal/Defined Media,M9 Media,
BioProject: https://www.ncbi.nlm.nih.gov/bioproject/PRJNA638918,SRA: https://www.ncbi.nlm.nih.gov/sra?term=SRP266954,Other Species,NA,NA,NA,Minimal/Defined Media,M9 Media,
BioProject: https://www.ncbi.nlm.nih.gov/bioproject/PRJNA638918,SRA: https://www.ncbi.nlm.nih.gov/sra?term=SRP266954,Other Species,NA,NA,NA,Minimal/Defined Media,M9 Media,
BioProject: https://www.ncbi.nlm.nih.gov/bioproject/PRJNA638918,SRA: https://www.ncbi.nlm.nih.gov/sra?term=SRP266954,Other Species,NA,NA,NA,Minimal/Defined Media,M9 Media,
BioProject: https://www.ncbi.nlm.nih.gov/bioproject/PRJNA638918,SRA: https://www.ncbi.nlm.nih.gov/sra?term=SRP266954,Other Species,NA,NA,NA,Minimal/Defined Media,M9 Media,
BioProject: https://www.ncbi.nlm.nih.gov/bioproject/PRJNA638918,SRA: https://www.ncbi.nlm.nih.gov/sra?term=SRP266954,Other Species,NA,NA,NA,Minimal/Defined Media,M9 Media,
BioProject: https://www.ncbi.nlm.nih.gov/bioproject/PRJNA638918,SRA: https://www.ncbi.nlm.nih.gov/sra?term=SRP266954,Other Species,NA,NA,NA,Minimal/Defined Media,M9 Media,
BioProject: https://www.ncbi.nlm.nih.gov/bioproject/PRJNA638918,SRA: https://www.ncbi.nlm.nih.gov/sra?term=SRP266954,Other Species,NA,NA,NA,Minimal/Defined Media,M9 Media,
BioProject: https://www.ncbi.nlm.nih.gov/bioproject/PRJNA638918,SRA: https://www.ncbi.nlm.nih.gov/sra?term=SRP266954,Other Species,NA,NA,NA,Minimal/Defined Media,M9 Media,
BioProject: https://www.ncbi.nlm.nih.gov/bioproject/PRJNA646382,SRA: https://www.ncbi.nlm.nih.gov/sra?term=SRP272018,PAO1,delta-Pf4,NA,Knockout,Minimal/Defined Media,M9 Media,
BioProject: https://www.ncbi.nlm.nih.gov/bioproject/PRJNA691924,SRA: https://www.ncbi.nlm.nih.gov/sra?term=SRP301614,PAO1,delta-femI,NA,Knockout,Minimal/Defined Media,M9 Media,
BioProject: https://www.ncbi.nlm.nih.gov/bioproject/PRJNA579069,SRA: https://www.ncbi.nlm.nih.gov/sra?term=SRP226701,PAO1,NA,NA,NA,Minimal/Defined Media,M9 Media,
BioProject: https://www.ncbi.nlm.nih.gov/bioproject/PRJNA421309,SRA: https://www.ncbi.nlm.nih.gov/sra?term=SRP126236,PAO1,NA,NA,NA,Minimal/Defined Media,M9 Media,
https://www.ncbi.nlm.nih.gov/bioproject/?term=PRJEB36276,NA,PAO1,fusA1^,NA,NA,Minimal/Defined Media,M9 Media,
https://www.ncbi.nlm.nih.gov/bioproject/PRJEB14322/,NA,PAO1,GbuA^,NA,NA,Minimal/Defined Media,Medium B,
https://www.ncbi.nlm.nih.gov/bioproject/PRJEB12304/,NA,NA,NA,NA,NA,Minimal/Defined Media,Minimal Medium,
https://www.ncbi.nlm.nih.gov/bioproject/?term=PRJEB34518,NA,PAO1,NA,NA,NA,Minimal/Defined Media,Minimal Medium,
BioProject: https://www.ncbi.nlm.nih.gov/bioproject/PRJNA702527,SRA: https://www.ncbi.nlm.nih.gov/sra?term=SRP306891,PAO1,"delta-rhlE2, delta-rhlE1 delta-rhlE2",NA,Knockout,Minimal/Defined Media,MMP,
https://www.ncbi.nlm.nih.gov/bioproject/?term=PRJEB34578,NA,PAO1,NA,NA,NA,Minimal/Defined Media,MOPS,
https://www.ncbi.nlm.nih.gov/bioproject/?term=PRJEB34916,NA,PAO1,NA,NA,NA,Minimal/Defined Media,MOPS,
BioProject: https://www.ncbi.nlm.nih.gov/bioproject/PRJNA578924,SRA: https://www.ncbi.nlm.nih.gov/sra?term=SRP226640,PA14,NA,Polymyxin B,NA,Mueller-Hinton,,
BioProject: https://www.ncbi.nlm.nih.gov/bioproject/PRJNA508631,SRA: https://www.ncbi.nlm.nih.gov/sra?term=SRP172693,PA14,PA1438 (MmnS),NA,Other,Mueller-Hinton,,
BioProject: https://www.ncbi.nlm.nih.gov/bioproject/PRJNA340943,SRA: https://www.ncbi.nlm.nih.gov/sra?term=SRP083687,PA14,NfxC2,NA,Other,Mueller-Hinton,,
https://www.ncbi.nlm.nih.gov/bioproject/?term=PRJNA518730,NA,Clinical Isolates,NA,NA,NA,Mueller-Hinton ,,
https://www.ncbi.nlm.nih.gov/bioproject/?term=PRJNA414673,NA,PAO1,NA,NA,NA,NA,,
https://www.ncbi.nlm.nih.gov/bioproject/?term=PRJNA506639,NA,CCTCC AB93066,NA,NA,NA,NA,,
https://www.ncbi.nlm.nih.gov/bioproject/?term=PRJNA428284,NA,PAO1,NA,NA,NA,NA,,
https://www.ncbi.nlm.nih.gov/bioproject/PRJNA491816/,NA,PAK,PmrB^,NA,NA,NA,,
https://www.ncbi.nlm.nih.gov/bioproject/?term=PRJNA488531,NA,PA14,NA,NA,NA,NA,,
https://www.ncbi.nlm.nih.gov/bioproject/PRJNA482690/,NA,ATCC 9027,nirS^,NA,NA,NA,,
https://www.ncbi.nlm.nih.gov/bioproject/?term=PRJEB25674,NA,PAO1,NA,NA,NA,NA,,
https://www.ncbi.nlm.nih.gov/bioproject/?term=PRJNA501877,NA,Clinical Isolates,nalD^,NA,NA,NA,,
https://www.ncbi.nlm.nih.gov/bioproject/PRJEB31965/,NA,PAO1,‚ÄúQS mutant without AHLs term-seq repeat‚Äù,NA,NA,NA,,
https://www.ncbi.nlm.nih.gov/bioproject/PRJNA504928/,NA,PAO1,"BfmR^, BfmS^",NA,NA,NA,,
https://www.ncbi.nlm.nih.gov/bioproject/?term=PRJNA504392,NA,PAO1,NA,NA,NA,NA,,
https://www.ncbi.nlm.nih.gov/bioproject/?term=PRJNA231236,NA,Clinical Isolates,NA,NA,NA,NA,,
https://www.ncbi.nlm.nih.gov/bioproject/PRJNA574614/,NA,PAO1,NA,NA,NA,NA,,
https://www.ncbi.nlm.nih.gov/bioproject/?term=PRJNA611483,NA,PAO1,AntP^,NA,NA,NA,,
https://www.ncbi.nlm.nih.gov/bioproject/?term=PRJNA579575,NA,PAO1,NA,NA,NA,NA,,
https://www.ncbi.nlm.nih.gov/bioproject/?term=PRJNA606809,NA,PAO1,NA,NA,NA,NA,,
https://www.ncbi.nlm.nih.gov/bioproject/?term=PRJNA353241,NA,"PAO1, PA558, PA580",NA,NA,NA,NA,,
https://www.ncbi.nlm.nih.gov/bioproject/?term=PRJNA637626,NA,PA14,‚ÄúSH2 mutant‚Äù,NA,NA,NA,,
https://www.ncbi.nlm.nih.gov/bioproject/?term=PRJNA627218,NA,"PAO1, C218",pqsA^,NA,NA,NA,,
https://www.ncbi.nlm.nih.gov/bioproject/?term=PRJNA650511,NA,"PAO1, Clinical Isolates",NA,NA,NA,NA,,
https://www.ncbi.nlm.nih.gov/bioproject/?term=PRJEB37218,NA,"D421, F46D",NA,NA,NA,NA,,
https://www.ncbi.nlm.nih.gov/bioproject/?term=PRJNA555685,NA,PAO1,NA,NA,NA,NA,,
https://www.ncbi.nlm.nih.gov/bioproject/?term=PRJNA184698,NA,Ecological Communities,NA,NA,NA,NA,,
https://www.ncbi.nlm.nih.gov/bioproject/?term=PRJNA320337,NA,PA1201,PA1201,NA,NA,NA,,
https://www.ncbi.nlm.nih.gov/bioproject/PRJNA246577/,NA,PAO1,NA,NA,NA,NA,,
https://www.ncbi.nlm.nih.gov/bioproject/?term=PRJNA282583,NA,PA3,NA,NA,NA,NA,,
NA,NA,NOT PSEUDOMONAS,NA,NA,NA,NA,,
https://www.ncbi.nlm.nih.gov/bioproject/?term=PRJNA236589,NA,Clinical Isolates,NA,NA,NA,NA,,
https://www.ncbi.nlm.nih.gov/bioproject/?term=PRJNA530209,NA,PA14,NA,NA,NA,NA,,
https://www.ncbi.nlm.nih.gov/bioproject/?term=PRJNA573459,NA,PAG-T,NA,NA,NA,NA,,
https://www.ncbi.nlm.nih.gov/bioproject/PRJNA260130/,NA,PA14,lasB^,NA,NA,NA,,
https://www.ncbi.nlm.nih.gov/bioproject/?term=PRJNA320165,NA,PAO1,"wspF, pelA, pslB, pslC, pslD",NA,NA,NA,,
https://www.ncbi.nlm.nih.gov/bioproject/?term=PRJNA229796,NA,PAO1,NA,NA,NA,NA,,
https://www.ncbi.nlm.nih.gov/bioproject/?term=PRJNA550173,NA,PAO1,NA,NA,NA,NA,,
https://www.ncbi.nlm.nih.gov/bioproject/?term=PRJNA255834,NA,"Pa-R, ATCC 9027",NA,NA,NA,NA,,
https://www.ncbi.nlm.nih.gov/bioproject/?term=PRJNA304652,NA,PAO1,NA,NA,NA,NA,,
https://www.ncbi.nlm.nih.gov/bioproject/?term=PRJNA326119,NA,PAO1,rsmW,NA,NA,NA,,
https://www.ncbi.nlm.nih.gov/bioproject/?term=PRJNA635437,NA,Clinical Isolates,NA,NA,NA,NA,,
https://www.ncbi.nlm.nih.gov/bioproject/?term=PRJNA587337,NA,PAO1,prtR,NA,NA,NA,,
https://www.ncbi.nlm.nih.gov/bioproject/?term=PRJEB18543,NA,PAO1,mexT,NA,NA,NA,,
https://www.ncbi.nlm.nih.gov/bioproject/?term=PRJNA638759,NA,Clinical Isolates,NA,NA,NA,NA,,
https://www.ncbi.nlm.nih.gov/bioproject/PRJNA341717/,NA,PAO1,NA,NA,NA,NA,,
https://www.ncbi.nlm.nih.gov/bioproject/?term=PRJNA291292,NA,PA14,NA,NA,NA,NA,,
https://www.ncbi.nlm.nih.gov/bioproject/?term=PRJNA229797,NA,PAO1,‚ÄúPel + Psl mutant‚Äù,NA,NA,NA,,
https://www.ncbi.nlm.nih.gov/bioproject/?term=PRJNA563266,NA,PA14,NA,NA,NA,NA,,
https://www.ncbi.nlm.nih.gov/bioproject/?term=PRJNA483810,NA,Clinical Isolates,NA,NA,NA,NA,,
https://www.ncbi.nlm.nih.gov/bioproject/?term=PRJNA255655,NA,"JS3F, JS1F",NA,NA,NA,NA,,
https://www.ncbi.nlm.nih.gov/bioproject/?term=PRJEB12456,NA,NA,NA,NA,NA,NA,,
https://www.ncbi.nlm.nih.gov/bioproject/?term=PRJNA242019,NA,NA,NA,NA,NA,NA,,
https://www.ncbi.nlm.nih.gov/bioproject/?term=PRJNA241720,NA,NA,NA,NA,NA,NA,,
https://www.ncbi.nlm.nih.gov/bioproject/?term=PRJNA241955,NA,NA,NA,NA,NA,NA,,
https://www.ncbi.nlm.nih.gov/bioproject/?term=PRJNA241721,NA,NA,NA,NA,NA,NA,,
https://www.ncbi.nlm.nih.gov/bioproject/?term=PRJNA241950,NA,NA,NA,NA,NA,NA,,
https://www.ncbi.nlm.nih.gov/bioproject/?term=PRJNA242026,NA,NA,NA,NA,NA,NA,,
https://www.ncbi.nlm.nih.gov/bioproject/?term=PRJNA241719,NA,NA,NA,NA,NA,NA,,
https://www.ncbi.nlm.nih.gov/bioproject/?term=PRJNA241718,NA,NA,NA,NA,NA,NA,,
https://www.ncbi.nlm.nih.gov/bioproject/?term=PRJNA241953,NA,NA,NA,NA,NA,NA,,
https://www.ncbi.nlm.nih.gov/bioproject/?term=PRJNA241728,NA,NA,NA,NA,NA,NA,,
https://www.ncbi.nlm.nih.gov/bioproject/?term=PRJNA241732,NA,NA,NA,NA,NA,NA,,
https://www.ncbi.nlm.nih.gov/bioproject/?term=PRJNA241959,NA,NA,NA,NA,NA,NA,,
https://www.ncbi.nlm.nih.gov/bioproject/?term=PRJNA241740,NA,NA,NA,NA,NA,NA,,
https://www.ncbi.nlm.nih.gov/bioproject/?term=PRJNA241724,NA,NA,NA,NA,NA,NA,,
https://www.ncbi.nlm.nih.gov/bioproject/?term=PRJNA241746,NA,NA,NA,NA,NA,NA,,
https://www.ncbi.nlm.nih.gov/bioproject/?term=PRJNA241951,NA,NA,NA,NA,NA,NA,,
https://www.ncbi.nlm.nih.gov/bioproject/?term=PRJNA241956,NA,NA,NA,NA,NA,NA,,
https://www.ncbi.nlm.nih.gov/bioproject/?term=PRJNA241730,NA,NA,NA,NA,NA,NA,,
https://www.ncbi.nlm.nih.gov/bioproject/?term=PRJNA242016,NA,NA,NA,NA,NA,NA,,
https://www.ncbi.nlm.nih.gov/bioproject/?term=PRJNA241742,NA,NA,NA,NA,NA,NA,,
https://www.ncbi.nlm.nih.gov/bioproject/?term=PRJNA241733,NA,NA,NA,NA,NA,NA,,
https://www.ncbi.nlm.nih.gov/bioproject/?term=PRJNA241744,NA,NA,NA,NA,NA,NA,,
https://www.ncbi.nlm.nih.gov/bioproject/?term=PRJNA241737,NA,NA,NA,NA,NA,NA,,
https://www.ncbi.nlm.nih.gov/bioproject/?term=PRJNA241738,NA,NA,NA,NA,NA,NA,,
https://www.ncbi.nlm.nih.gov/bioproject/?term=PRJNA241727,NA,NA,NA,NA,NA,NA,,
https://www.ncbi.nlm.nih.gov/bioproject/?term=PRJNA241739,NA,NA,NA,NA,NA,NA,,
https://www.ncbi.nlm.nih.gov/bioproject/?term=PRJNA241736,NA,NA,NA,NA,NA,NA,,
https://www.ncbi.nlm.nih.gov/bioproject/?term=PRJNA242015,NA,NA,NA,NA,NA,NA,,
https://www.ncbi.nlm.nih.gov/bioproject/?term=PRJNA242030,NA,NA,NA,NA,NA,NA,,
https://www.ncbi.nlm.nih.gov/bioproject/?term=PRJNA241731,NA,NA,NA,NA,NA,NA,,
https://www.ncbi.nlm.nih.gov/bioproject/?term=PRJNA241734,NA,NA,NA,NA,NA,NA,,
https://www.ncbi.nlm.nih.gov/bioproject/?term=PRJNA242023,NA,NA,NA,NA,NA,NA,,
https://www.ncbi.nlm.nih.gov/bioproject/?term=PRJNA241958,NA,NA,NA,NA,NA,NA,,
https://www.ncbi.nlm.nih.gov/bioproject/?term=PRJNA241735,NA,NA,NA,NA,NA,NA,,
https://www.ncbi.nlm.nih.gov/bioproject/?term=PRJNA241952,NA,NA,NA,NA,NA,NA,,
https://www.ncbi.nlm.nih.gov/bioproject/?term=PRJNA241729,NA,NA,NA,NA,NA,NA,,
https://www.ncbi.nlm.nih.gov/bioproject/?term=PRJNA241962,NA,NA,NA,NA,NA,NA,,
https://www.ncbi.nlm.nih.gov/bioproject/?term=PRJNA241946,NA,NA,NA,NA,NA,NA,,
https://www.ncbi.nlm.nih.gov/bioproject/?term=PRJNA242028,NA,NA,NA,NA,NA,NA,,
https://www.ncbi.nlm.nih.gov/bioproject/?term=PRJNA241725,NA,NA,NA,NA,NA,NA,,
https://www.ncbi.nlm.nih.gov/bioproject/?term=PRJNA241747,NA,NA,NA,NA,NA,NA,,
https://www.ncbi.nlm.nih.gov/bioproject/?term=PRJNA241743,NA,NA,NA,NA,NA,NA,,
https://www.ncbi.nlm.nih.gov/bioproject/?term=PRJNA241961,NA,NA,NA,NA,NA,NA,,
https://www.ncbi.nlm.nih.gov/bioproject/?term=PRJNA241726,NA,NA,NA,NA,NA,NA,,
https://www.ncbi.nlm.nih.gov/bioproject/?term=PRJNA241723,NA,NA,NA,NA,NA,NA,,
https://www.ncbi.nlm.nih.gov/bioproject/?term=PRJNA241960,NA,NA,NA,NA,NA,NA,,
https://www.ncbi.nlm.nih.gov/bioproject/?term=PRJNA241716,NA,NA,NA,NA,NA,NA,,
https://www.ncbi.nlm.nih.gov/bioproject/?term=PRJNA241948,NA,NA,NA,NA,NA,NA,,
https://www.ncbi.nlm.nih.gov/bioproject/?term=PRJNA241943,NA,NA,NA,NA,NA,NA,,
https://www.ncbi.nlm.nih.gov/bioproject/?term=PRJNA241949,NA,NA,NA,NA,NA,NA,,
https://www.ncbi.nlm.nih.gov/bioproject/?term=PRJNA241717,NA,NA,NA,NA,NA,NA,,
https://www.ncbi.nlm.nih.gov/bioproject/?term=PRJNA241722,NA,NA,NA,NA,NA,NA,,
https://www.ncbi.nlm.nih.gov/bioproject/?term=PRJNA241741,NA,NA,NA,NA,NA,NA,,
https://www.ncbi.nlm.nih.gov/bioproject/?term=PRJNA241745,NA,NA,NA,NA,NA,NA,,
https://www.ncbi.nlm.nih.gov/bioproject/?term=PRJNA241954,NA,NA,NA,NA,NA,NA,,
https://www.ncbi.nlm.nih.gov/bioproject/?term=PRJNA242017,NA,NA,NA,NA,NA,NA,,
https://www.ncbi.nlm.nih.gov/bioproject/?term=PRJNA242024,NA,NA,NA,NA,NA,NA,,
https://www.ncbi.nlm.nih.gov/bioproject/?term=PRJNA242027,NA,NA,NA,NA,NA,NA,,
https://www.ncbi.nlm.nih.gov/bioproject/?term=PRJNA289564,NA,ATCC 1045,NA,NA,NA,NA,,
https://www.ncbi.nlm.nih.gov/bioproject/?term=PRJNA289203,NA,PAO1,NA,NA,NA,NA,,
https://www.ncbi.nlm.nih.gov/bioproject/?term=PRJEB24331,NA,NA,NA,NA,NA,NA,,
https://www.ncbi.nlm.nih.gov/bioproject/?term=PRJNA258237,NA,PAO1,NA,NA,NA,NA,,
https://www.ncbi.nlm.nih.gov/bioproject/?term=PRJNA315087,NA,PAO1,fliA^,NA,NA,NA,,
https://www.ncbi.nlm.nih.gov/bioproject/PRJNA320966/,NA,PAO1,NA,NA,NA,NA,,
https://www.ncbi.nlm.nih.gov/bioproject/?term=PRJNA349811,NA,PAO1,"PrrF1^, PrrF2^, PrrF1++ (sRNA)",NA,NA,NA,,
https://www.ncbi.nlm.nih.gov/bioproject/?term=PRJEB28696,NA,PAO1,ReaL++ (sRNA),NA,NA,NA,,
https://www.ncbi.nlm.nih.gov/bioproject/?term=PRJNA517767,NA,PA14,NA,NA,NA,NA,,
https://www.ncbi.nlm.nih.gov/bioproject/?term=PRJNA222256,NA,PAO1,"PahK^, PahK++",NA,NA,NA,,
https://www.ncbi.nlm.nih.gov/bioproject/?term=PRJNA213568,NA,PAO1,NA,NA,NA,NA,,
https://www.ncbi.nlm.nih.gov/bioproject/?term=PRJEB8227,NA,PAO1,NA,NA,NA,NA,,
https://www.ncbi.nlm.nih.gov/bioproject/?term=PRJNA264943,NA,PAO1,NA,NA,NA,NA,,
https://www.ncbi.nlm.nih.gov/bioproject/?term=PRJNA266474,NA,PAO1,NA,NA,NA,NA,,
https://www.ncbi.nlm.nih.gov/bioproject/?term=PRJNA400528,NA,PAO1,NA,NA,NA,NA,,
https://www.ncbi.nlm.nih.gov/bioproject/?term=PRJNA374864,NA,NA,NA,NA,NA,NA,,
https://www.ncbi.nlm.nih.gov/bioproject/?term=PRJNA392168,NA,PAO1,NA,NA,NA,NA,,
https://www.ncbi.nlm.nih.gov/bioproject/?term=PRJEB6998,NA,NA,NA,NA,NA,NA,,
https://www.ncbi.nlm.nih.gov/bioproject/?term=PRJNA360055,NA,PAO1,NA,NA,NA,NA,,
https://www.ncbi.nlm.nih.gov/bioproject/?term=PRJNA379630,NA,"PAO1, ATCC 33988",NA,NA,NA,NA,,
https://www.ncbi.nlm.nih.gov/bioproject/?term=PRJNA448905,NA,NA,NA,NA,NA,NA,,
https://www.ncbi.nlm.nih.gov/bioproject/?term=PRJNA381683,NA,PAO1,"yhjH^, wspF^",NA,NA,NA,,
https://www.ncbi.nlm.nih.gov/bioproject/?term=PRJNA381842,NA,PAO1,msr(E)++,NA,NA,NA,,
https://www.ncbi.nlm.nih.gov/bioproject/PRJNA448015/,NA,NA,NA,NA,NA,NA,,
https://www.ncbi.nlm.nih.gov/bioproject/?term=PRJNA479815,NA,PAO1,"GUN (gltK^, gltG^, gltF^, gntP^, kguT^)",NA,NA,NA,,
https://www.ncbi.nlm.nih.gov/bioproject/?term=PRJEB22593,NA,PA14,pail^ (sRNA),NA,NA,NA,,
https://www.ncbi.nlm.nih.gov/bioproject/?term=PRJNA401973,NA,PAO1,NA,NA,NA,NA,,
https://www.ncbi.nlm.nih.gov/bioproject/?term=PRJNA436889,NA,PAO1,cysB^,NA,NA,NA,,
https://www.ncbi.nlm.nih.gov/bioproject/?term=PRJNA397946,NA,PA14,hepP^,NA,NA,NA,,
https://www.ncbi.nlm.nih.gov/bioproject/?term=PRJNA326891,NA,PA14,NA,NA,NA,NA,,
https://www.ncbi.nlm.nih.gov/bioproject/?term=PRJNA373918,NA,PA14,fis^,NA,NA,NA,,
https://www.ncbi.nlm.nih.gov/bioproject/?term=PRJEB24427,NA,PAO1,NA,NA,NA,NA,,
https://www.ncbi.nlm.nih.gov/bioproject/?term=PRJNA393588,NA,PAO1,NA,NA,NA,NA,,
https://www.ncbi.nlm.nih.gov/bioproject/PRJNA437845/,NA,"PA14, LESB58, PAO1",NA,NA,NA,NA,,
https://www.ncbi.nlm.nih.gov/bioproject/PRJNA386078/,NA,NA,NA,NA,NA,NA,,
https://www.ncbi.nlm.nih.gov/bioproject/?term=PRJNA394520,NA,PAO1,‚ÄúCDI Mutant‚Äù,NA,NA,NA,,
https://www.ncbi.nlm.nih.gov/bioproject/?term=PRJEB22802,NA,PAO1,NA,NA,NA,NA,,
https://www.ncbi.nlm.nih.gov/bioproject/?term=PRJNA600167,NA,NA,NA,NA,NA,NA,,
https://www.ncbi.nlm.nih.gov/bioproject/?term=PRJNA573460,NA,PAM,NA,NA,NA,NA,,
https://www.ncbi.nlm.nih.gov/bioproject/?term=PRJNA562449,NA,PA2596,PA2596,NA,NA,NA,,
BioProject: https://www.ncbi.nlm.nih.gov/bioproject/PRJNA639519,NA,PAO1,NA,NA,NA,Other,,
BioProject: https://www.ncbi.nlm.nih.gov/bioproject/PRJNA635350,SRA: https://www.ncbi.nlm.nih.gov/sra?term=SRP264926,PAO1,NA,Azithromycin,NA,Other,,
BioProject: https://www.ncbi.nlm.nih.gov/bioproject/PRJNA594631,SRA: https://www.ncbi.nlm.nih.gov/sra?term=SRP235560,PAO1,NA,NA,NA,Other,,
BioProject: https://www.ncbi.nlm.nih.gov/bioproject/PRJNA611835,SRA: https://www.ncbi.nlm.nih.gov/sra?term=SRP252284,PAO1,overexpressing PA2952.1,NA,Overproducer,Other,,
BioProject: https://www.ncbi.nlm.nih.gov/bioproject/PRJNA672283,NA,PAO1,NA,NA,NA,Other,,
BioProject: https://www.ncbi.nlm.nih.gov/bioproject/PRJNA672286,SRA: https://www.ncbi.nlm.nih.gov/sra?term=SRP288730,PAO1,NA,NA,NA,Other,,
BioProject: https://www.ncbi.nlm.nih.gov/bioproject/PRJNA594638,SRA: https://www.ncbi.nlm.nih.gov/sra?term=SRP235563,Other Species,"delta-fliC, delta-flgK, delta-motABCD",NA,Knockout,Other,,
BioProject: https://www.ncbi.nlm.nih.gov/bioproject/PRJNA613082,SRA: https://www.ncbi.nlm.nih.gov/sra?term=SRP253109,PAO1,delta-relA delta-spoT,NA,Knockout,Other,,
BioProject: https://www.ncbi.nlm.nih.gov/bioproject/PRJNA566423,SRA: https://www.ncbi.nlm.nih.gov/sra?term=SRP222562,PAO1,PA0805.1 over-expression,NA,Overproducer,Other,,
BioProject: https://www.ncbi.nlm.nih.gov/bioproject/PRJNA625101,SRA: https://www.ncbi.nlm.nih.gov/sra?term=SRP256305,PA14,NA,NA,NA,Other,,
BioProject: https://www.ncbi.nlm.nih.gov/bioproject/PRJNA625101,SRA: https://www.ncbi.nlm.nih.gov/sra?term=SRP256305,Other Species,NA,NA,NA,Other,,
BioProject: https://www.ncbi.nlm.nih.gov/bioproject/PRJNA625101,SRA: https://www.ncbi.nlm.nih.gov/sra?term=SRP256305,PA14,NA,NA,NA,Other,,
BioProject: https://www.ncbi.nlm.nih.gov/bioproject/PRJNA625096,SRA: https://www.ncbi.nlm.nih.gov/sra?term=SRP256302,PAO1,"mucA22, delta-algP, mucA22 delta-algP",NA,Knockout,Other,,
BioProject: https://www.ncbi.nlm.nih.gov/bioproject/PRJNA597035,SRA: https://www.ncbi.nlm.nih.gov/sra?term=SRP238407,PA14,NA,NA,NA,Other,,
BioProject: https://www.ncbi.nlm.nih.gov/bioproject/PRJNA616314,SRA: https://www.ncbi.nlm.nih.gov/sra?term=SRP254642,PA14,NA,NA,NA,Other,,
BioProject: https://www.ncbi.nlm.nih.gov/bioproject/PRJNA576893,SRA: https://www.ncbi.nlm.nih.gov/sra?term=SRP225091,LESB58,delta-relA delta-spoT,NA,Knockout,Other,,
BioProject: https://www.ncbi.nlm.nih.gov/bioproject/PRJNA603498,SRA: https://www.ncbi.nlm.nih.gov/sra?term=SRP245583,PAO1,NA,NA,NA,Other,,
BioProject: https://www.ncbi.nlm.nih.gov/bioproject/PRJNA512099,SRA: https://www.ncbi.nlm.nih.gov/sra?term=SRP174640,PAO1,NA,NA,NA,Other,,
BioProject: https://www.ncbi.nlm.nih.gov/bioproject/PRJNA497479,SRA: https://www.ncbi.nlm.nih.gov/sra?term=SRP166133,PA14,NA,NA,NA,Other,,
BioProject: https://www.ncbi.nlm.nih.gov/bioproject/PRJNA496467,SRA: https://www.ncbi.nlm.nih.gov/sra?term=SRP165737,PAO1,"delta-mvfR, delta-rhlR, delta-qscR",NA,Knockout,Other,,
BioProject: https://www.ncbi.nlm.nih.gov/bioproject/PRJNA488829,SRA: https://www.ncbi.nlm.nih.gov/sra?term=SRP159291,Clinical Isolates,NA,NA,NA,Other,,
BioProject: https://www.ncbi.nlm.nih.gov/bioproject/PRJNA504405,SRA: https://www.ncbi.nlm.nih.gov/sra?term=SRP168022,PAO1,delta-vreR,NA,NA,Other,,
BioProject: https://www.ncbi.nlm.nih.gov/bioproject/PRJNA494880,SRA: https://www.ncbi.nlm.nih.gov/sra?term=SRP163899,PAO1,NA,NA,NA,Other,,
BioProject: https://www.ncbi.nlm.nih.gov/bioproject/PRJNA504872,SRA: https://www.ncbi.nlm.nih.gov/sra?term=SRP168376,Other Species,NA,NA,NA,Other,,
BioProject: https://www.ncbi.nlm.nih.gov/bioproject/PRJNA504872,SRA: https://www.ncbi.nlm.nih.gov/sra?term=SRP168376,PAO1,NA,NA,NA,Other,,
BioProject: https://www.ncbi.nlm.nih.gov/bioproject/PRJNA508412,SRA: https://www.ncbi.nlm.nih.gov/sra?term=SRP172498,PAO1,delta-PA2076 (delta-odsR),NA,Knockout,Other,,
BioProject: https://www.ncbi.nlm.nih.gov/bioproject/PRJNA299113,SRA: https://www.ncbi.nlm.nih.gov/sra?term=SRP064955,Other Species,"expressing WT endolysin, expressing mutant endolysin",NA,Other,Other,,
BioProject: https://www.ncbi.nlm.nih.gov/bioproject/PRJNA299113,SRA: https://www.ncbi.nlm.nih.gov/sra?term=SRP064955,PAO1,"expressing WT endolysin, expressing mutant endolysin",NA,Other,Other,,
BioProject: https://www.ncbi.nlm.nih.gov/bioproject/PRJNA449493,NA,PAO1,NA,NA,NA,Other,,
BioProject: https://www.ncbi.nlm.nih.gov/bioproject/PRJNA449493,NA,PA14,NA,NA,NA,Other,,
BioProject: https://www.ncbi.nlm.nih.gov/bioproject/PRJNA415714,SRA: https://www.ncbi.nlm.nih.gov/sra?term=SRP121405,PAO1,NA,NA,NA,Other,,
BioProject: https://www.ncbi.nlm.nih.gov/bioproject/PRJNA415714,SRA: https://www.ncbi.nlm.nih.gov/sra?term=SRP121405,Other,NA,NA,NA,Other,,
BioProject: https://www.ncbi.nlm.nih.gov/bioproject/PRJNA415714,SRA: https://www.ncbi.nlm.nih.gov/sra?term=SRP121405,Other,NA,NA,NA,Other,,
BioProject: https://www.ncbi.nlm.nih.gov/bioproject/PRJNA384725,SRA: https://www.ncbi.nlm.nih.gov/sra?term=SRP105407,PAO1,pa0336,NA,Other,Other,,
BioProject: https://www.ncbi.nlm.nih.gov/bioproject/PRJNA343895,SRA: https://www.ncbi.nlm.nih.gov/sra?term=SRP090296,PA14,NA,NA,NA,Other,,
BioProject: https://www.ncbi.nlm.nih.gov/bioproject/PRJNA257669,SRA: https://www.ncbi.nlm.nih.gov/sra?term=SRP045313,PAO1,delta-znuA,NA,Knockout,Other,,
BioProject: https://www.ncbi.nlm.nih.gov/bioproject/PRJNA190894,SRA: https://www.ncbi.nlm.nih.gov/sra?term=SRP018866,PAO1,"delta-parS, delta-parR mutant",NA,Knockout,Other,,
BioProject: https://www.ncbi.nlm.nih.gov/bioproject/PRJNA307608,SRA: https://www.ncbi.nlm.nih.gov/sra?term=SRP068065,PAO1,delta-gcsR,NA,Knockout,Other,,
BioProject: https://www.ncbi.nlm.nih.gov/bioproject/PRJNA238880,SRA: https://www.ncbi.nlm.nih.gov/sra?term=SRP038697,PA14,NA,NA,NA,Other,,
BioProject: https://www.ncbi.nlm.nih.gov/bioproject/PRJNA269980,SRA: https://www.ncbi.nlm.nih.gov/sra?term=SRP051048,PA14,"WT overexpressing polyhistidine-tagged phoB, delta-phoB, tctD transposon mutant",NA,Overproducer,Other,,
BioProject: https://www.ncbi.nlm.nih.gov/bioproject/PRJNA238222,NA,PA14,"harboring a plasmid encoding for the polyhistidine-tagged sigma factor gene, AlgU_empty_vector, delta-AlgU, AlgU_overexpressed, FecI_empty_vector, delta-FecI, FecI_overexpressed, FliA_empty_vector, delta-FliA, FliA_overexpressed, FpvI_empty_vector, delta-FpvI, FpvI_overexpressed, PvdS_empty_vector, delta-PvdS, PvdS_overexpressed, RpoN_empty_vector, delta-RpoN, RpoN_overexpressed, RpoS_empty_vector, delta-RpoS, RpoS_overexpressed, SigX_empty_vector, delta-SigX, SigX_overexpressed",NA,"Knockout, Overproducer",Other,,
BioProject: https://www.ncbi.nlm.nih.gov/bioproject/PRJNA238222,NA,PA14,"harboring a plasmid encoding for the polyhistidine-tagged sigma factor gene, RpoH_empty_vector, RpoH_overexpressed, delta-RpoN, delta-SigX",NA,"Knockout, Overproducer",Other,,
BioProject: https://www.ncbi.nlm.nih.gov/bioproject/PRJNA238229,SRA: https://www.ncbi.nlm.nih.gov/sra?term=SRP037771,PA14,"AlgU_empty_vector, delta-AlgU, AlgU_overexpressed, FecI_empty_vector, delta-FecI, FecI_overexpressed, FecI2_empty_vector, FecI2_overexpressed, FliA_empty_vector, delta-FliA, FliA_overexpressed, FpvI_empty_vector, delta-FpvI, FpvI_overexpressed, PvdS_empty_vector, delta-PvdS, PvdS_overexpressed, PvdS_wildtype, RpoN_empty_vector, delta-RpoN, RpoN_overexpressed, RpoS_empty_vector, delta-RpoS, RpoS_overexpressed, SigX_empty_vector, delta-SigX, SigX_overexpressed",NA,"Knockout, Overproducer",Other,,
BioProject: https://www.ncbi.nlm.nih.gov/bioproject/PRJNA238229,SRA: https://www.ncbi.nlm.nih.gov/sra?term=SRP037771,PA14,"RpoH_empty_vector, RpoH_overexpressed, delta-RpoN, delta-SigX",NA,"Knockout, Overproducer",Other,,
BioProject: https://www.ncbi.nlm.nih.gov/bioproject/PRJNA273872,SRA: https://www.ncbi.nlm.nih.gov/sra?term=SRP052915,PA14,WT-pMQ72. delta-bqsR-pMQ72,NA,Knockout,Other,,
BioProject: https://www.ncbi.nlm.nih.gov/bioproject/PRJNA252432,SRA: https://www.ncbi.nlm.nih.gov/sra?term=SRP043109,PA14,NA,NA,NA,Other,,
BioProject: https://www.ncbi.nlm.nih.gov/bioproject/PRJNA252432,SRA: https://www.ncbi.nlm.nih.gov/sra?term=SRP043109,PA14,NA,NA,NA,Other,,
BioProject: https://www.ncbi.nlm.nih.gov/bioproject/PRJNA252432,SRA: https://www.ncbi.nlm.nih.gov/sra?term=SRP043109,Other Species,NA,NA,NA,Other,,
BioProject: https://www.ncbi.nlm.nih.gov/bioproject/PRJNA252432,SRA: https://www.ncbi.nlm.nih.gov/sra?term=SRP043109,PA14,NA,NA,NA,Other,,
BioProject: https://www.ncbi.nlm.nih.gov/bioproject/PRJNA252740,SRA: https://www.ncbi.nlm.nih.gov/sra?term=SRP043218,PAO1,NA,NA,NA,Other,,
BioProject: https://www.ncbi.nlm.nih.gov/bioproject/PRJNA252740,SRA: https://www.ncbi.nlm.nih.gov/sra?term=SRP043218,PAO1,NA,NA,NA,Other,,
https://www.ncbi.nlm.nih.gov/bioproject/?term=PRJNA448450,NA,PA14,lolB-,NA,NA,PIA,,
https://www.ncbi.nlm.nih.gov/bioproject/PRJNA528963/,NA,PA14,NA,NA,NA,Other,,
https://www.ncbi.nlm.nih.gov/bioproject/?term=PRJNA293284,NA,PA14,NA,NA,NA,SCFM,,
https://www.ncbi.nlm.nih.gov/bioproject/?term=PRJNA588274,NA,Clinical Isolates,NA,NA,NA,SCFM,,
BioProject: https://www.ncbi.nlm.nih.gov/bioproject/PRJNA432618,NA,PA14,NA,NA,NA,SCFM,,
BioProject: https://www.ncbi.nlm.nih.gov/bioproject/PRJNA432618,NA,PA14,NA,NA,NA,SCFM,,
BioProject: https://www.ncbi.nlm.nih.gov/bioproject/PRJNA292399,SRA: https://www.ncbi.nlm.nih.gov/sra?term=SRP062215,PAO1,Derivative of P. aeruginosa MPAO1-contains pel and psl unmarked deletions,NA,Knockout,SCFM,,
BioProject: https://www.ncbi.nlm.nih.gov/bioproject/PRJNA643216,SRA: https://www.ncbi.nlm.nih.gov/sra?term=SRP269357,PAO1,NA,NA,NA,TSB,,
BioProject: https://www.ncbi.nlm.nih.gov/bioproject/PRJNA626622,SRA: https://www.ncbi.nlm.nih.gov/sra?term=SRP257531,PAO1,NA,NA,NA,TSB,,
BioProject: https://www.ncbi.nlm.nih.gov/bioproject/PRJNA390267,SRA: https://www.ncbi.nlm.nih.gov/sra?term=SRP109097,PAO1,NA,NA,NA,TSB,,
BioProject: https://www.ncbi.nlm.nih.gov/bioproject/PRJNA320399,SRA: https://www.ncbi.nlm.nih.gov/sra?term=SRP074292,PA14,NA,NA,NA,TSB,,
BioProject: https://www.ncbi.nlm.nih.gov/bioproject/PRJNA296610,SRA: https://www.ncbi.nlm.nih.gov/sra?term=SRP063996,PAO1,NA,NA,NA,TSB,,
https://www.ncbi.nlm.nih.gov/bioproject/?term=PRJEB13937,NA,PA14,NA,NA,NA,TSB,,
